actor,country,director,image_link,link,people,rank,score,title,typ,words,year
蒂姆·罗宾斯 Tim Robbins /..., 美国 ,弗兰克·德拉邦特 Frank Darabont,https://img3.doubanio.com/view/photo/s_ratio_poster/public/p480747492.jpg,https://movie.douban.com/subject/1292052/,1229537人评价,1,9.6,"肖申克的救赎, / The Shawshank Redemption, / 月黑高飞(港)  /  刺激1995(台)", 犯罪 剧情,希望让人自由。,1994 
张国荣 Leslie Cheung / 张丰毅 Fengyi Zha..., 中国大陆 香港 ,陈凯歌 Kaige Chen,https://img3.doubanio.com/view/photo/s_ratio_poster/public/p1910813120.jpg,https://movie.douban.com/subject/1291546/,905093人评价,2,9.6,"霸王别姬, / 再见，我的妾  /  Farewell My Concubine", 剧情 爱情 同性,风华绝代。,1993 
让·雷诺 Jean Reno / 娜塔莉·波特曼 ..., 法国 ,吕克·贝松 Luc Besson,https://img3.doubanio.com/view/photo/s_ratio_poster/public/p511118051.jpg,https://movie.douban.com/subject/1295644/,1130701人评价,3,9.4,"这个杀手不太冷, / Léon, / 杀手莱昂  /  终极追杀令(台)", 剧情 动作 犯罪,怪蜀黍和小萝莉不得不说的故事。,1994 
Tom Hanks / Robin Wright Penn / Gary Sinise, 美国 ,Robert Zemeckis,https://img1.doubanio.com/view/photo/s_ratio_poster/public/p510876377.jpg,https://movie.douban.com/subject/1292720/,969496人评价,4,9.4,"阿甘正传, / Forrest Gump, / 福雷斯特·冈普", 剧情 爱情,一部美国近现代史。,1994 
罗伯托·贝尼尼 Roberto Beni..., 意大利 ,罗伯托·贝尼尼 Roberto Benigni,https://img3.doubanio.com/view/photo/s_ratio_poster/public/p510861873.jpg,https://movie.douban.com/subject/1292063/,566483人评价,5,9.5,"美丽人生, / La vita è bella, / 一个快乐的传说(港)  /  Life Is Beautiful", 剧情 喜剧 爱情 战争,最美的谎言。,1997 
莱昂纳多·迪卡普里奥 Leonardo..., 美国 ,詹姆斯·卡梅隆 James Cameron,https://img3.doubanio.com/view/photo/s_ratio_poster/public/p457760035.jpg,https://movie.douban.com/subject/1292722/,905215人评价,6,9.3,"泰坦尼克号, / Titanic, / 铁达尼号(港 / 台)", 剧情 爱情 灾难,失去的才是永恒的。 ,1997 
柊瑠美 Rumi Hîragi / 入野自由 Miy..., 日本 ,宫崎骏 Hayao Miyazaki,https://img3.doubanio.com/view/photo/s_ratio_poster/public/p1606727862.jpg,https://movie.douban.com/subject/1291561/,897736人评价,7,9.3,"千与千寻, / 千と千尋の神隠し, / 神隐少女(台)  /  Spirited Away", 剧情 动画 奇幻,最好的宫崎骏，最好的久石让。 ,2001 
连姆·尼森 Liam Neeson..., 美国 ,史蒂文·斯皮尔伯格 Steven Spielberg,https://img3.doubanio.com/view/photo/s_ratio_poster/public/p492406163.jpg,https://movie.douban.com/subject/1295124/,508905人评价,8,9.5,"辛德勒的名单, / Schindler's List, / 舒特拉的名单(港)  /  辛德勒名单", 剧情 历史 战争,拯救一个人，就是拯救整个世界。,1993 
莱昂纳多·迪卡普里奥 Le..., 美国 英国 ,克里斯托弗·诺兰 Christopher Nolan,https://img3.doubanio.com/view/photo/s_ratio_poster/public/p513344864.jpg,https://movie.douban.com/subject/3541415/,984456人评价,9,9.3,"盗梦空间, / Inception, / 潜行凶间(港)  /  全面启动(台)", 剧情 科幻 悬疑 冒险,诺兰给了我们一场无法盗取的梦。,2010 
本·贝尔特 Ben Burtt / 艾丽..., 美国 ,安德鲁·斯坦顿 Andrew Stanton,https://img3.doubanio.com/view/photo/s_ratio_poster/public/p1461851991.jpg,https://movie.douban.com/subject/2131459/,653386人评价,10,9.3,"机器人总动员, / WALL·E, / 瓦力(台)  /  太空奇兵·威E(港)", 爱情 科幻 动画 冒险,小瓦力，大人生。,2008 
理查·基尔 Richard Ger..., 美国 英国 ,莱塞·霍尔斯道姆 Lasse Hallström,https://img3.doubanio.com/view/photo/s_ratio_poster/public/p524964016.jpg,https://movie.douban.com/subject/3011091/,639464人评价,11,9.3,"忠犬八公的故事, / Hachi: A Dog's Tale, / 忠犬小八(台)  /  秋田犬八千(港)", 剧情,永远都不能忘记你所爱的人。,2009 
阿米尔·汗 Aamir Khan / 卡..., 印度 ,拉库马·希拉尼 Rajkumar Hirani,https://img3.doubanio.com/view/photo/s_ratio_poster/public/p579729551.jpg,https://movie.douban.com/subject/3793023/,881731人评价,12,9.2,"三傻大闹宝莱坞, / 3 Idiots, / 三个傻瓜(台)  /  作死不离3兄弟(港)", 剧情 喜剧 爱情 歌舞,英俊版憨豆，高情商版谢耳朵。,2009 
蒂姆·罗斯 Tim Roth / ..., 意大利 ,朱塞佩·托纳多雷 Giuseppe Tornatore,https://img1.doubanio.com/view/photo/s_ratio_poster/public/p511146807.jpg,https://movie.douban.com/subject/1292001/,735184人评价,13,9.2,"海上钢琴师, / La leggenda del pianista sull'oceano, / 声光伴我飞(港)  /  一九零零的传奇", 剧情 音乐,每个人都要走一条自己坚定了的路，就算是粉身碎骨。 ,1998 
杰拉尔·朱诺 Géra..., 法国 瑞士 德国 ,克里斯托夫·巴拉蒂 Christophe Barratier,https://img3.doubanio.com/view/photo/s_ratio_poster/public/p1910824951.jpg,https://movie.douban.com/subject/1291549/,606965人评价,14,9.2,"放牛班的春天, / Les choristes, / 歌声伴我心(港)  /  唱诗班男孩", 剧情 音乐,天籁一般的童声，是最接近上帝的存在。 ,2004 
周星驰 Stephen Chow / 吴孟达 Man Tat Ng..., 香港 中国大陆 ,刘镇伟 Jeffrey Lau,https://img3.doubanio.com/view/photo/s_ratio_poster/public/p2455050536.jpg,https://movie.douban.com/subject/1292213/,672920人评价,15,9.2,"大话西游之大圣娶亲, / 西遊記大結局之仙履奇緣, / 西游记完结篇仙履奇缘  /  齐天大圣西游记", 喜剧 爱情 奇幻 冒险,一生所爱。,1995 
金·凯瑞 Jim Carrey / 劳拉·琳妮 Lau..., 美国 ,彼得·威尔 Peter Weir,https://img3.doubanio.com/view/photo/s_ratio_poster/public/p479682972.jpg,https://movie.douban.com/subject/1292064/,652695人评价,16,9.2,"楚门的世界, / The Truman Show, / 真人Show(港)  /  真人戏", 剧情 科幻,如果再也不能见到你，祝你早安，午安，晚安。,1998 
马修·麦康纳 Matthew Mc..., 美国 英国 加拿大 冰岛 ,克里斯托弗·诺兰 Christopher Nolan,https://img3.doubanio.com/view/photo/s_ratio_poster/public/p2206088801.jpg,https://movie.douban.com/subject/1889243/,666601人评价,17,9.2,"星际穿越, / Interstellar, / 星际启示录(港)  /  星际效应(台)", 剧情 科幻 冒险,爱是一种力量，让我们超越时空感知它的存在。,2014 
马龙·白兰度 M..., 美国 ,弗朗西斯·福特·科波拉 Francis Ford Coppola,https://img3.doubanio.com/view/photo/s_ratio_poster/public/p2190556185.jpg,https://movie.douban.com/subject/1291841/,446277人评价,18,9.2,"教父, / The Godfather, / Mario Puzo's The Godfather", 剧情 犯罪,千万不要记恨你的对手，这样会让你失去理智。,1972 
日高法子 Noriko Hidaka / 坂本千夏 Ch..., 日本 ,宫崎骏 Hayao Miyazaki,https://img3.doubanio.com/view/photo/s_ratio_poster/public/p2540924496.jpg,https://movie.douban.com/subject/1291560/,560002人评价,19,9.1,"龙猫, / となりのトトロ, / 邻居托托罗  /  邻家的豆豆龙", 动画 奇幻 冒险,人人心中都有个龙猫，童年就永远不会消失。,1988 
孔侑 Yoo Gong / 郑有美 Yu-mi Jeong ..., 韩国 ,黄东赫 Dong-hyuk Hwang,https://img3.doubanio.com/view/photo/s_ratio_poster/public/p1363250216.jpg,https://movie.douban.com/subject/5912992/,379917人评价,20,9.3,"熔炉, / 도가니, / 无声呐喊(港)  /  漩涡", 剧情,我们一路奋战不是为了改变世界，而是为了不让世界改变我们。,2011 
刘德华 / 梁朝伟 / 黄秋生, 香港 ,刘伟强 / 麦兆辉,https://img3.doubanio.com/view/photo/s_ratio_poster/public/p2233971046.jpg,https://movie.douban.com/subject/1307914/,551681人评价,21,9.1,"无间道, / 無間道, / Infernal Affairs  /  Mou gaan dou", 剧情 犯罪 悬疑,香港电影史上永不过时的杰作。,2002 
威尔·史密斯 Will Smith ..., 美国 ,加布里尔·穆奇诺 Gabriele Muccino,https://img3.doubanio.com/view/photo/s_ratio_poster/public/p1312700744.jpg,https://movie.douban.com/subject/1849031/,712859人评价,22,9.0,"当幸福来敲门, / The Pursuit of Happyness, / 寻找快乐的故事(港)  /  追求快乐", 剧情 传记 家庭,平民励志片。 ,2006 
., 法国 ,奥利维·那卡什 Olivier Nakache / 艾力克·托兰达 Eric Toledano,https://img3.doubanio.com/view/photo/s_ratio_poster/public/p1454261925.jpg,https://movie.douban.com/subject/6786002/,473482人评价,23,9.2,"触不可及, / Intouchables, / 闪亮人生(港)  /  逆转人生(台)", 剧情 喜剧,满满温情的高雅喜剧。,2011 
玛德琳·卡罗尔 Madeline Carroll / 卡..., 美国 ,罗伯·莱纳 Rob Reiner,https://img3.doubanio.com/view/photo/s_ratio_poster/public/p663036666.jpg,https://movie.douban.com/subject/3319755/,769147人评价,24,9.0,"怦然心动, / Flipped, / 萌动青春  /  青春萌动", 剧情 喜剧 爱情,真正的幸福是来自内心深处。,2010 
金妮弗·..., 美国 ,拜伦·霍华德 Byron Howard / 瑞奇·摩尔 Rich Moore,https://img1.doubanio.com/view/photo/s_ratio_poster/public/p2315672647.jpg,https://movie.douban.com/subject/25662329/,733685人评价,25,9.2,"疯狂动物城, / Zootopia, / 优兽大都会(港)  /  动物方城市(台)", 喜剧 动画 冒险,迪士尼给我们营造的乌托邦就是这样，永远善良勇敢，永远出乎意料。,2016 
费..., 美国 ,维克多·弗莱明 Victor Fleming / 乔治·库克 George Cukor,https://img3.doubanio.com/view/photo/s_ratio_poster/public/p1963126880.jpg,https://movie.douban.com/subject/1300267/,337979人评价,26,9.2,"乱世佳人, / Gone with the Wind, / 飘", 剧情 历史 爱情 战争,Tomorrow is another day.,1939 
克里斯蒂安·贝尔 Christ..., 美国 英国 ,克里斯托弗·诺兰 Christopher Nolan,https://img3.doubanio.com/view/photo/s_ratio_poster/public/p462657443.jpg,https://movie.douban.com/subject/1851857/,442973人评价,27,9.1,"蝙蝠侠：黑暗骑士, / The Dark Knight, / 蝙蝠侠前传2：黑暗骑士  /  黑暗骑士(台)", 剧情 动作 科幻 犯罪 惊悚,无尽的黑暗。,2008 
葛优 You Ge / 巩俐 Li Gong / 姜武 Wu Jiang, 中国大陆 香港 ,张艺谋 Yimou Zhang,https://img3.doubanio.com/view/photo/s_ratio_poster/public/p2513253791.jpg,https://movie.douban.com/subject/1292365/,365977人评价,28,9.1,"活着, / 人生  /  Lifetimes", 剧情 历史 家庭,张艺谋最好的电影。,1994 
安东娜拉·塔莉 Antonel..., 意大利 法国 ,朱塞佩·托纳多雷 Giuseppe Tornatore,https://img3.doubanio.com/view/photo/s_ratio_poster/public/p1910901025.jpg,https://movie.douban.com/subject/1291828/,370285人评价,29,9.1,"天堂电影院, / Nuovo Cinema Paradiso, / 星光伴我心(港)  /  新天堂乐园(台)", 剧情 爱情,那些吻戏，那些青春，都在影院的黑暗里被泪水冲刷得无比清晰。,1988 
苏拉·沙玛 Suraj Sharma / 伊尔凡·可汗 Irrfan..., 美国 台湾 英国 加拿大 ,李安 Ang Lee,https://img3.doubanio.com/view/photo/s_ratio_poster/public/p1784592701.jpg,https://movie.douban.com/subject/1929463/,729328人评价,30,9.0,"少年派的奇幻漂流, / Life of Pi, / 少年Pi的奇幻漂流  /  漂流少年Pi", 剧情 奇幻 冒险,瑰丽壮观、无人能及的冒险之旅。,2012 
亨利·方达 Henry Fonda / 马丁·鲍尔萨姆 Marti..., 美国 ,Sidney Lumet,https://img3.doubanio.com/view/photo/s_ratio_poster/public/p2173577632.jpg,https://movie.douban.com/subject/1293182/,217455人评价,31,9.4,"十二怒汉, / 12 Angry Men, / 12怒汉  /  十二怒汉", 剧情,1957年的理想主义。 ,1957 
姜文 Wen Jiang / 香川照之 Teruyuki Kagawa /..., 中国大陆 ,姜文 Wen Jiang,https://img3.doubanio.com/view/photo/s_ratio_poster/public/p1181775734.jpg,https://movie.douban.com/subject/1291858/,302614人评价,32,9.2,"鬼子来了, / Devils on the Doorstep", 剧情 历史 战争,对敌人的仁慈，就是对自己残忍。,2000 
维果·莫腾森 Viggo Mortensen / ..., 美国 新西兰 ,彼得·杰克逊 Peter Jackson,https://img3.doubanio.com/view/photo/s_ratio_poster/public/p1910825503.jpg,https://movie.douban.com/subject/1291552/,362294人评价,33,9.1,"指环王3：王者无敌, / The Lord of the Rings: The Return of the King, / 魔戒三部曲：王者再临(台 / 港) ", 剧情 动作 奇幻 冒险,史诗的终章。,2003 
查尔斯·劳顿 Charles Laughton / ..., 美国 ,比利·怀尔德 Billy Wilder,https://img1.doubanio.com/view/photo/s_ratio_poster/public/p1505392928.jpg,https://movie.douban.com/subject/1296141/,148133人评价,34,9.6,"控方证人, / Witness for the Prosecution, / 雄才伟略  /  情妇", 剧情 犯罪 悬疑,比利·怀德满分作品。,1957 
田中真弓 Mayumi Tanaka / 横泽启子 Ke..., 日本 ,宫崎骏 Hayao Miyazaki,https://img1.doubanio.com/view/photo/s_ratio_poster/public/p1446261379.jpg,https://movie.douban.com/subject/1291583/,421658人评价,35,9.0,"天空之城, / 天空の城ラピュタ, / Tenkû no shiro Rapyuta  /  Laputa: Castle in the Sky", 动画 奇幻 冒险,对天空的追逐，永不停止。 ,1986 
爱德华·诺顿 Edward Norton / 布拉..., 美国 德国 ,大卫·芬奇 David Fincher,https://img1.doubanio.com/view/photo/s_ratio_poster/public/p1910926158.jpg,https://movie.douban.com/subject/1292000/,476960人评价,36,9.0,"搏击俱乐部, / Fight Club, / 搏击会(港)  /  斗阵俱乐部(台)", 剧情 动作 悬疑 惊悚,邪恶与平庸蛰伏于同一个母体，在特定的时间互相对峙。,1999 
爱德..., 美国 ,彼特·道格特 Pete Docter / 鲍勃·彼德森 Bob Peterson,https://img3.doubanio.com/view/photo/s_ratio_poster/public/p2364094053.jpg,https://movie.douban.com/subject/2129039/,643635人评价,37,8.9,"飞屋环游记, / Up, / 冲天救兵(港)  /  天外奇迹(台)", 剧情 喜剧 动画 冒险,最后那些最无聊的事情，才是最值得怀念的。 ,2009 
周星驰 Stephen Chow / 吴孟达 Man Tat Ng..., 香港 中国大陆 ,刘镇伟 Jeffrey Lau,https://img3.doubanio.com/view/photo/s_ratio_poster/public/p1280323646.jpg,https://movie.douban.com/subject/1299398/,542114人评价,38,8.9,"大话西游之月光宝盒, / 西遊記第壹佰零壹回之月光寶盒, / 西游记101回月光宝盒  /  齐天大圣东游记", 喜剧 爱情 奇幻 冒险,旷古烁今。,1995 
奥黛丽·赫本 Audrey Hepburn / 格..., 美国 ,威廉·惠勒 William Wyler,https://img3.doubanio.com/view/photo/s_ratio_poster/public/p2189265085.jpg,https://movie.douban.com/subject/1293839/,487018人评价,39,9.0,"罗马假日, / Roman Holiday, / 金枝玉叶(港)  /  罗马假期(台)", 喜剧 剧情 爱情,爱情哪怕只有一天。,1953 
阿米尔·汗 Aamir Khan / 法缇玛..., 印度 ,涅提·蒂瓦里 Nitesh Tiwari,https://img3.doubanio.com/view/photo/s_ratio_poster/public/p2457983084.jpg,https://movie.douban.com/subject/26387939/,658017人评价,40,9.1,"摔跤吧！爸爸, / Dangal, / 我和我的冠军女儿(台)  /  打死不离3父女(港)", 剧情 传记 运动 家庭,你不是在为你一个人战斗，你要让千千万万的女性看到女生并不是只能相夫教子。,2016 
, 德国 ,弗洛里安·亨克尔·冯·多纳斯马 Florian Henckel von Donnersmarck,https://img1.doubanio.com/view/photo/s_ratio_poster/public/p1808872109.jpg,https://movie.douban.com/subject/1900841/,288530人评价,41,9.1,"窃听风暴, / Das Leben der Anderen, / 他人的生活  /  别人的生活", 剧情 悬疑,别样人生。,2006 
倍赏千惠子 Chieko Baishô / 木村拓..., 日本 ,宫崎骏 Hayao Miyazaki,https://img3.doubanio.com/view/photo/s_ratio_poster/public/p2174346180.jpg,https://movie.douban.com/subject/1308807/,457931人评价,42,8.9,"哈尔的移动城堡, / ハウルの動く城, / 呼啸山城  /  霍尔的移动城堡", 动画 奇幻 冒险,带着心爱的人在天空飞翔。,2004 
宋康昊 Kang-ho Song / 吴达洙 Dal-su O..., 韩国 ,杨宇硕 Woo-seok Yang,https://img3.doubanio.com/view/photo/s_ratio_poster/public/p2158166535.jpg,https://movie.douban.com/subject/21937445/,286397人评价,43,9.2,"辩护人, / 변호인, / 逆权大状(港)  /  正义辩护人(台)", 剧情,电影的现实意义大过电影本身。,2013 
阿尔·帕西诺 Al Pacino / 克里斯..., 美国 ,马丁·布莱斯 Martin Brest,https://img1.doubanio.com/view/photo/s_ratio_poster/public/p925123037.jpg,https://movie.douban.com/subject/1298624/,413459人评价,44,9.0,"闻香识女人, / Scent of a Woman, / 女人香  /  女人的芳香", 剧情,史上最美的探戈。,1992 
Jason Flemyng / Dexter Fletcher / Nick Moran, 英国 ,Guy Ritchie,https://img1.doubanio.com/view/photo/s_ratio_poster/public/p792443418.jpg,https://movie.douban.com/subject/1293350/,326712人评价,45,9.1,"两杆大烟枪, / Lock, Stock and Two Smoking Barrels, / 够姜四小强(港)  /  两根枪管(台)", 剧情 喜剧 犯罪,4个臭皮匠顶个诸葛亮，盖·里奇果然不是盖的。,1998 
杰克·尼科尔森 Jack Nichols..., 美国 ,米洛斯·福尔曼 Miloš Forman,https://img1.doubanio.com/view/photo/s_ratio_poster/public/p792238287.jpg,https://movie.douban.com/subject/1292224/,331104人评价,46,9.0,"飞越疯人院, / One Flew Over the Cuckoo's Nest, / 飞越杜鹃窝(台)  /  飞越喜鹊巢", 剧情,自由万岁。,1975 
罗宾·威廉姆斯 Robin Williams / 罗伯..., 美国 ,彼得·威尔 Peter Weir,https://img3.doubanio.com/view/photo/s_ratio_poster/public/p1910824340.jpg,https://movie.douban.com/subject/1291548/,354332人评价,47,9.0,"死亡诗社, / Dead Poets Society, / 暴雨骄阳(港)  /  春风化雨(台)", 剧情,当一个死水般的体制内出现一个活跃的变数时，所有的腐臭都站在了光明的对面。,1989 
娜塔莉·波特曼 Natalie Por..., 美国 英国 德国 ,詹姆斯·麦克特格 James McTeigue,https://img3.doubanio.com/view/photo/s_ratio_poster/public/p1465235231.jpg,https://movie.douban.com/subject/1309046/,536523人评价,48,8.8,"V字仇杀队, / V for Vendetta, / V煞(港)  /  V怪客(台)", 剧情 动作 科幻 惊悚,一张面具背后的理想与革命。,2005 
John Chisholm / Mandy-Rae Cruikshank / Char..., 美国 ,Louie Psihoyos,https://img3.doubanio.com/view/photo/s_ratio_poster/public/p455222172.jpg,https://movie.douban.com/subject/3442220/,217793人评价,49,9.3,"海豚湾, / The Cove, / 血色海湾(台)  /  海湾", 纪录片,海豚的微笑，是世界上最高明的伪装。,2009 
阿尔·帕西诺 A..., 美国 ,弗朗西斯·福特·科波拉 Francis Ford Coppola,https://img1.doubanio.com/view/photo/s_ratio_poster/public/p2194138787.jpg,https://movie.douban.com/subject/1299131/,241411人评价,50,9.1,"教父2, / The Godfather: Part Ⅱ, / 教父续集  /  教父II", 剧情 犯罪,优雅的孤独。,1974 
伊利亚·伍德 Elijah Wood / 西恩..., 美国 新西兰 ,彼得·杰克逊 Peter Jackson,https://img3.doubanio.com/view/photo/s_ratio_poster/public/p909265336.jpg,https://movie.douban.com/subject/1291572/,339828人评价,51,9.0,"指环王2：双塔奇兵, / The Lord of the Rings: The Two Towers, / 魔戒二部曲：双城奇谋  /  指环王II：双塔", 剧情 动作 奇幻 冒险,承前启后的史诗篇章。,2002 
伊利亚·伍德 Elijah Wood / 西恩..., 新西兰 美国 ,彼得·杰克逊 Peter Jackson,https://img3.doubanio.com/view/photo/s_ratio_poster/public/p1354436051.jpg,https://movie.douban.com/subject/1291571/,380480人评价,52,8.9,"指环王1：魔戒再现, / The Lord of the Rings: The Fellowship of the Ring, / 魔戒首部曲：魔戒现身  /  指环王I：护戒使者", 剧情 动作 奇幻 冒险,传说的开始。,2001 
罗素·克劳 Russell Crowe / 艾德·哈..., 美国 ,朗·霍华德 Ron Howard,https://img3.doubanio.com/view/photo/s_ratio_poster/public/p1665997400.jpg,https://movie.douban.com/subject/1306029/,377746人评价,53,8.9,"美丽心灵, / A Beautiful Mind, / 有你终生美丽(港)  /  美丽境界(台)", 传记 剧情,爱是一切逻辑和原由。,2001 
郎雄 Sihung Lung / 杨贵媚 Kuei-Mei Yang / 吴..., 台湾 美国 ,李安 Ang Lee,https://img3.doubanio.com/view/photo/s_ratio_poster/public/p1910899751.jpg,https://movie.douban.com/subject/1291818/,261525人评价,54,9.1,"饮食男女, / 飲食男女, / Eat Drink Man Woman", 剧情 家庭,人生不能像做菜，把所有的料都准备好了才下锅。,1994 
中山美穗 Miho Nakayama / 丰川悦司 Ets..., 日本 ,岩井俊二 Shunji Iwai,https://img1.doubanio.com/view/photo/s_ratio_poster/public/p449897379.jpg,https://movie.douban.com/subject/1292220/,467455人评价,55,8.8,"情书, / Love Letter, / When I Close My Eyes  /  Letters of Love", 剧情 爱情,暗恋的极致。,1995 
薛景求 Kyung-gu Sol / 严志媛 Ji-won Uhm ..., 韩国 ,李濬益 Jun-ik Lee,https://img3.doubanio.com/view/photo/s_ratio_poster/public/p2118532944.jpg,https://movie.douban.com/subject/21937452/,247846人评价,56,9.1,"素媛, / 소원, / 许愿  /  希望：为爱重生(台)", 剧情,受过伤害的人总是笑得最开心，因为他们不愿意让身边的人承受一样的痛苦。,2013 
乔纳森·泰勒·托马..., 美国 ,Roger Allers / 罗伯·明可夫 Rob Minkoff,https://img1.doubanio.com/view/photo/s_ratio_poster/public/p726659067.jpg,https://movie.douban.com/subject/1301753/,358844人评价,57,8.9,"狮子王, / The Lion King, / 狮子王3D", 剧情 动画 冒险 歌舞 家庭,动物版《哈姆雷特》。,1994 
艾德里安·布洛迪 Adrien Brod..., 法国 德国 英国 波兰 ,罗曼·波兰斯基 Roman Polanski,https://img3.doubanio.com/view/photo/s_ratio_poster/public/p792484461.jpg,https://movie.douban.com/subject/1296736/,249304人评价,58,9.1,"钢琴家, / The Pianist, / 战地琴声(台)  /  战地琴人", 剧情 传记 历史 战争 音乐,音乐能化解仇恨。,2002 
尊龙 John Lone / 陈..., 英国 意大利 中国大陆 法国 美国 ,贝纳尔多·贝托鲁奇 Bernardo Bertolucci,https://img3.doubanio.com/view/photo/s_ratio_poster/public/p452089833.jpg,https://movie.douban.com/subject/1293172/,253130人评价,59,9.1,"末代皇帝, / The Last Emperor, / 末代皇帝溥仪(港)", 剧情 传记 历史,“不要跟我比惨，我比你更惨”再适合这部电影不过了。,1987 
罗伯特·德尼罗 Robert De Niro ..., 意大利 美国 ,赛尔乔·莱翁内 Sergio Leone,https://img1.doubanio.com/view/photo/s_ratio_poster/public/p477229647.jpg,https://movie.douban.com/subject/1292262/,214526人评价,60,9.1,"美国往事, / Once Upon a Time in America, / 四海兄弟(台)  /  义薄云天(港)", 犯罪 剧情,往事如烟，无处祭奠。,1984 
Amir Farrokh Hashemian / 默罕..., 伊朗 ,马基德·马基迪 Majid Majidi,https://img3.doubanio.com/view/photo/s_ratio_poster/public/p2165511465.jpg,https://movie.douban.com/subject/1303021/,180771人评价,61,9.2,"小鞋子, / بچههای آسمان, / 天堂的孩子  /  小童鞋", 剧情 家庭 儿童,奔跑的孩子是天使。,1997 
摩根·弗里曼 Morgan Freeman / 布..., 美国 ,大卫·芬奇 David Fincher,https://img3.doubanio.com/view/photo/s_ratio_poster/public/p457631605.jpg,https://movie.douban.com/subject/1292223/,519861人评价,62,8.8,"七宗罪, / Se7en, / 火线追缉令(台)  /  7宗罪", 剧情 犯罪 悬疑 惊悚,警察抓小偷，老鼠玩死猫。,1995 
中谷美纪 Miki Nakatani / 瑛太 E..., 日本 ,中岛哲也 Tetsuya Nakashima,https://img1.doubanio.com/view/photo/s_ratio_poster/public/p453723669.jpg,https://movie.douban.com/subject/1787291/,375314人评价,63,8.9,"被嫌弃的松子的一生, / 嫌われ松子の一生, / 花样奇缘(港)  /  令人讨厌的松子的一生(台)", 剧情 歌舞,以戏谑来戏谑戏谑。,2006 
凯特·布兰切特 Cate Blanchett / ..., 美国 ,大卫·芬奇 David Fincher,https://img3.doubanio.com/view/photo/s_ratio_poster/public/p2192535722.jpg,https://movie.douban.com/subject/1485260/,485023人评价,64,8.8,"本杰明·巴顿奇事, / The Curious Case of Benjamin Button, / 奇幻逆缘(港)  /  班杰明的奇幻旅程(台)", 剧情 爱情 奇幻,在时间之河里感受溺水之苦。,2008 
休·杰克曼 Hugh Jackman..., 美国 英国 ,克里斯托弗·诺兰 Christopher Nolan,https://img3.doubanio.com/view/photo/s_ratio_poster/public/p480383375.jpg,https://movie.douban.com/subject/1780330/,425044人评价,65,8.8,"致命魔术, / The Prestige, / 顶尖对决(台)  /  死亡魔法(港)", 剧情 悬疑 惊悚,孪生蝙蝠侠大战克隆金刚狼。,2006 
莫妮卡·贝鲁奇 Monica ..., 意大利 美国 ,朱塞佩·托纳多雷 Giuseppe Tornatore,https://img3.doubanio.com/view/photo/s_ratio_poster/public/p792400696.jpg,https://movie.douban.com/subject/1292402/,452298人评价,66,8.8,"西西里的美丽传说, / Malèna, / 真爱伴我行(台)  /  玛莲娜", 剧情 战争 情色,美丽无罪。,2000 
., 美国 澳大利亚 ,安迪·沃卓斯基 Andy Wachowski / 拉娜·沃卓斯基 Lana Wachowski,https://img1.doubanio.com/view/photo/s_ratio_poster/public/p451926968.jpg,https://movie.douban.com/subject/1291843/,357706人评价,67,8.9,"黑客帝国, / The Matrix, / 廿二世纪杀人网络(港)  /  骇客任务(台)", 动作 科幻,视觉革命。,1999 
姜文 Wen Jiang / 葛优 You Ge / 周润发 Yun-F..., 中国大陆 香港 ,姜文 Wen Jiang,https://img1.doubanio.com/view/photo/s_ratio_poster/public/p1512562287.jpg,https://movie.douban.com/subject/3742360/,791624人评价,68,8.7,"让子弹飞, / 让子弹飞一会儿  /  火烧云", 剧情 喜剧 动作 西部,你给我翻译翻译，神马叫做TMD的惊喜。,2010 
汤姆·汉克斯 Tom Hanks..., 美国 ,史蒂文·斯皮尔伯格 Steven Spielberg,https://img3.doubanio.com/view/photo/s_ratio_poster/public/p1014542496.jpg,https://movie.douban.com/subject/1292849/,305847人评价,69,8.9,"拯救大兵瑞恩, / Saving Private Ryan, / 雷霆救兵(港)  /  抢救雷恩大兵(台)", 剧情 历史 战争,美利坚精神输出大片No1.,1998 
马里奥·卡萨斯 Mario Casas / 阿..., 西班牙 ,奥里奥尔·保罗 Oriol Paulo,https://img3.doubanio.com/view/photo/s_ratio_poster/public/p2498971355.jpg,https://movie.douban.com/subject/26580232/,482658人评价,70,8.7,"看不见的客人, / Contratiempo, / 佈局(台)  /  死无对证(港)", 剧情 犯罪 悬疑 惊悚,你以为你以为的就是你以为的。,2016 
奥黛丽·塔图 Audrey Tau..., 法国 德国 ,让-皮埃尔·热内 Jean-Pierre Jeunet,https://img3.doubanio.com/view/photo/s_ratio_poster/public/p803896904.jpg,https://movie.douban.com/subject/1292215/,578173人评价,71,8.7,"天使爱美丽, / Le fabuleux destin d'Amélie Poulain, / 艾蜜莉的异想世界(台)  /  天使艾米莉", 喜剧 爱情,法式小清新。 ,2001 
朱丽·安德鲁斯 Julie Andrews / 克里斯托弗·普..., 美国 ,Robert Wise,https://img1.doubanio.com/view/photo/s_ratio_poster/public/p453788577.jpg,https://movie.douban.com/subject/1294408/,284925人评价,72,8.9,"音乐之声, / The Sound of Music, / 仙乐飘飘处处闻(港)  /  真善美(台)", 剧情 传记 爱情 歌舞,用音乐化解仇恨，让歌声串起美好。,1965 
约翰·特拉沃尔塔 John Tra..., 美国 ,昆汀·塔伦蒂诺 Quentin Tarantino,https://img3.doubanio.com/view/photo/s_ratio_poster/public/p1910902213.jpg,https://movie.douban.com/subject/1291832/,417134人评价,73,8.8,"低俗小说, / Pulp Fiction, / 黑色追緝令(台)  /  危险人物(港)", 剧情 喜剧 犯罪,故事的高级讲法。,1994 
梅尔·吉布森 Mel Gibson / 苏菲·玛..., 美国 ,梅尔·吉布森 Mel Gibson,https://img3.doubanio.com/view/photo/s_ratio_poster/public/p1374546770.jpg,https://movie.douban.com/subject/1294639/,346654人评价,74,8.8,"勇敢的心, / Braveheart, / 惊世未了缘(港)  /  梅尔吉勃逊之英雄本色(台)", 动作 传记 剧情 历史 战争,史诗大片的典范。,1995 
邱岳峰 Yuefeng Qiu /..., 1964(中国大陆) ,万籁鸣 Laiming Wan / 唐澄 Cheng  Tang,https://img1.doubanio.com/view/photo/s_ratio_poster/public/p2184505167.jpg,https://movie.douban.com/subject/1418019/,140163人评价,75,9.3,"大闹天宫, / 大闹天宫 上下集  /  The Monkey King", 1978(中国大陆) ,经典之作，历久弥新。,1961(中国大陆) 
约翰尼·德普 Johnny Depp / 薇诺娜·瑞德 Winona ..., 美国 ,Tim Burton,https://img1.doubanio.com/view/photo/s_ratio_poster/public/p480956937.jpg,https://movie.douban.com/subject/1292370/,588286人评价,76,8.7,"剪刀手爱德华, / Edward Scissorhands, / 幻海奇缘(港)  /  剪刀手爱德华", 剧情 奇幻 爱情,浪漫忧郁的成人童话。,1990 
朱迪·福斯特 Jodie Foster / 安..., 美国 ,乔纳森·戴米 Jonathan Demme,https://img1.doubanio.com/view/photo/s_ratio_poster/public/p1593414327.jpg,https://movie.douban.com/subject/1293544/,425575人评价,77,8.8,"沉默的羔羊, / The Silence of the Lambs, / 沉默的羔羊", 剧情 犯罪 惊悚,安东尼·霍普金斯的顶级表演。,1991 
Daniel Radcliffe / Emma Watson / Rupert Grint, 美国 英国 ,Chris Columbus,https://img3.doubanio.com/view/photo/s_ratio_poster/public/p804947166.jpg,https://movie.douban.com/subject/1295038/,360415人评价,78,8.8,"哈利·波特与魔法石, / Harry Potter and the Sorcerer's Stone, / 哈利波特1：神秘的魔法石(港 / 台) ", 奇幻 冒险,童话世界的开端。,2001 
., 美国 加拿大 ,埃里克·布雷斯 Eric Bress / J·麦基·格鲁伯 J. Mackye Gruber,https://img1.doubanio.com/view/photo/s_ratio_poster/public/p2209066019.jpg,https://movie.douban.com/subject/1292343/,467568人评价,79,8.7,"蝴蝶效应, / The Butterfly Effect, / 蝴蝶效应", 剧情 悬疑 科幻 惊悚,人的命运被自己瞬间的抉择改变。,2004 
张国荣 Leslie Cheung / 梁朝伟 Tony Leu..., 香港 日本 韩国 ,王家卫 Kar Wai Wong,https://img3.doubanio.com/view/photo/s_ratio_poster/public/p465939041.jpg,https://movie.douban.com/subject/1292679/,308092人评价,80,8.8,"春光乍泄, / 春光乍洩, / 一起快乐  /  Happy Together", 剧情 爱情 同性,爱情纠缠，男女一致。,1997 
马特·达蒙 Matt Damon / 罗宾·..., 美国 ,格斯·范·桑特 Gus Van Sant,https://img3.doubanio.com/view/photo/s_ratio_poster/public/p480965695.jpg,https://movie.douban.com/subject/1292656/,339770人评价,81,8.8,"心灵捕手, / Good Will Hunting, / 骄阳似我(港)  /  心灵捕手", 剧情,人生中应该拥有这样的一段豁然开朗。,1997 
本木雅弘 Masahiro Motoki / ..., 日本 ,泷田洋二郎 Yôjirô Takita,https://img1.doubanio.com/view/photo/s_ratio_poster/public/p594972928.jpg,https://movie.douban.com/subject/2149806/,364703人评价,82,8.8,"入殓师, / おくりびと, / 礼仪师之奏鸣曲(港)  /  礼仪师(台)", 剧情,死可能是一道门，逝去并不是终结，而是超越，走向下一程。,2008 
莱昂纳多·迪卡普里奥 L..., 美国 加拿大 ,史蒂文·斯皮尔伯格 Steven Spielberg,https://img3.doubanio.com/view/photo/s_ratio_poster/public/p453924541.jpg,https://movie.douban.com/subject/1305487/,308595人评价,83,8.8,"猫鼠游戏, / Catch Me If You Can, / 逍遥法外  /  神鬼交锋(台)", 传记 犯罪 剧情,骗子大师和执著警探的你追我跑故事。 ,2002 
拉尔夫·费因斯 Ralph Fiennes / ..., 美国 德国 英国 ,韦斯·安德森 Wes Anderson,https://img3.doubanio.com/view/photo/s_ratio_poster/public/p2178872593.jpg,https://movie.douban.com/subject/11525673/,409249人评价,84,8.8,"布达佩斯大饭店, / The Grand Budapest Hotel, / 布达佩斯大酒店(港)  /  欢迎来到布达佩斯大饭店(台)", 剧情 喜剧 冒险,小清新的故事里注入了大历史的情怀。,2014 
莱昂纳多·迪卡普里奥 Leonardo DiCaprio / ..., 美国 ,Martin Scorsese,https://img1.doubanio.com/view/photo/s_ratio_poster/public/p1832875827.jpg,https://movie.douban.com/subject/2334904/,449264人评价,85,8.7,"禁闭岛, / Shutter Island, / 不赦岛(港)  /  隔离岛(台)", 剧情 悬疑 惊悚,昔日翩翩少年，今日大腹便便。,2010 
托妮·科莱特 Toni Collette / 菲利..., 澳大利亚 ,亚当·艾略特 Adam Elliot,https://img1.doubanio.com/view/photo/s_ratio_poster/public/p1820615077.jpg,https://movie.douban.com/subject/3072124/,264400人评价,86,8.9,"玛丽和马克思, / Mary and Max, / 巧克力情缘(台)  /  同是天涯寂寞客", 剧情 动画,你是我最好的朋友，你是我唯一的朋友 。,2009 
夏雨 Yu Xia / 宁静 Jing Ning / 陶虹 Hong Tao, 中国大陆 香港 ,姜文 Wen Jiang,https://img1.doubanio.com/view/photo/s_ratio_poster/public/p967457079.jpg,https://movie.douban.com/subject/1291875/,332516人评价,87,8.8,"阳光灿烂的日子, / In the Heat of the Sun", 剧情,一场华丽的意淫。,1994 
松田洋治 Yôji Matsuda / 石田百合..., 日本 ,宫崎骏 Hayao Miyazaki,https://img3.doubanio.com/view/photo/s_ratio_poster/public/p1613191025.jpg,https://movie.douban.com/subject/1297359/,284903人评价,88,8.8,"幽灵公主, / もののけ姫, / 魔法公主  /  幽灵少女", 动画 奇幻 冒险,人与自然的战争史诗。,1997 
布鲁斯·威利斯 Bruce Wi..., 美国 ,M·奈特·沙马兰 M. Night Shyamalan,https://img3.doubanio.com/view/photo/s_ratio_poster/public/p2220184425.jpg,https://movie.douban.com/subject/1297630/,284205人评价,89,8.8,"第六感, / The Sixth Sense, / 灵异第六感  /  鬼眼", 剧情 悬疑 惊悚,深入内心的恐怖，出人意料的结局。,1999 
林青霞 Brigitte Lin / 金城武 Takeshi K..., 香港 ,王家卫 Kar Wai Wong,https://img3.doubanio.com/view/photo/s_ratio_poster/public/p792381411.jpg,https://movie.douban.com/subject/1291999/,405271人评价,90,8.7,"重庆森林, / 重慶森林, / Chungking Express", 剧情 爱情,寂寞没有期限。,1994 
麦斯·米科尔森 Mads Mik..., 丹麦 瑞典 ,托马斯·温特伯格 Thomas Vinterberg,https://img1.doubanio.com/view/photo/s_ratio_poster/public/p1546987967.jpg,https://movie.douban.com/subject/6985810/,168071人评价,91,9.1,"狩猎, / Jagten, / 谎言的烙印(台)  /  诬网(港)", 剧情,人言可畏。,2012 
阿沙·巴特菲尔德 Asa Butterfield / ..., 英国 美国 ,马克·赫门 Mark Herman,https://img3.doubanio.com/view/photo/s_ratio_poster/public/p1473670352.jpg,https://movie.douban.com/subject/3008247/,198333人评价,92,9.0,"穿条纹睡衣的男孩, / The Boy in the Striped Pajamas, / 穿条纹衣服的男孩  /  穿条纹衣的男孩", 剧情 战争,尽管有些不切实际的幻想，这部电影依旧是一部感人肺腑的佳作。,2008 
John Cusack / Ray Liotta / Amanda Peet, 美国 ,James Mangold,https://img3.doubanio.com/view/photo/s_ratio_poster/public/p453720880.jpg,https://movie.douban.com/subject/1297192/,391149人评价,93,8.7,"致命ID, / Identity, / 杀人游戏  /  致命身份", 剧情 悬疑 惊悚,最不可能的那个人永远是最可能的。,2003 
希斯·莱杰 Heath Ledger / 杰克·吉伦哈尔 Jake..., 美国 加拿大 ,李安 Ang Lee,https://img1.doubanio.com/view/photo/s_ratio_poster/public/p513535588.jpg,https://movie.douban.com/subject/1418834/,389078人评价,94,8.7,"断背山, / Brokeback Mountain, / 断臂山  /  BBM", 剧情 爱情 同性 家庭,每个人心中都有一座断背山。,2005 
约翰尼·德普 Johnny Depp / ..., 美国 ,戈尔·维宾斯基 Gore Verbinski,https://img3.doubanio.com/view/photo/s_ratio_poster/public/p1596085504.jpg,https://movie.douban.com/subject/1298070/,433266人评价,95,8.6,"加勒比海盗, / Pirates of the Caribbean: The Curse of the Black Pearl, / 加勒比海盗1：黑珍珠号的诅咒  /  神鬼奇航：鬼盗船魔咒(台)", 动作 冒险 奇幻,约翰尼·德普的独角戏。,2003 
萨姆·沃辛顿 Sam Worthington ..., 美国 英国 ,詹姆斯·卡梅隆 James Cameron,https://img1.doubanio.com/view/photo/s_ratio_poster/public/p2180085848.jpg,https://movie.douban.com/subject/1652587/,649044人评价,96,8.6,"阿凡达, / Avatar, / 天神下凡(港)  /  化身", 动作 战争 科幻 冒险,绝对意义上的美轮美奂。,2009 
查理·卓别林 Charles Chaplin ..., 美国 ,查理·卓别林 Charles Chaplin,https://img3.doubanio.com/view/photo/s_ratio_poster/public/p2173707976.jpg,https://movie.douban.com/subject/1294371/,117685人评价,97,9.2,"摩登时代, / Modern Times, / The Masses  /  Temps modernes, Les", 喜剧 剧情 爱情,大时代中的人生，小人物的悲喜。,1936 
伊万·麦克格雷格 Ewan McGregor / 阿..., 美国 ,蒂姆·波顿 Tim Burton,https://img3.doubanio.com/view/photo/s_ratio_poster/public/p692813374.jpg,https://movie.douban.com/subject/1291545/,303570人评价,98,8.7,"大鱼, / Big Fish, / 大鱼奇缘(港)  /  大智若鱼(台)", 剧情 家庭 奇幻 冒险,抱着梦想而活着的人是幸福的，怀抱梦想而死去的人是不朽的。,2003 
松隆子 Takako Matsu / 冈田将生 ..., 日本 ,中岛哲也 Tetsuya Nakashima,https://img3.doubanio.com/view/photo/s_ratio_poster/public/p689520756.jpg,https://movie.douban.com/subject/4268598/,411110人评价,99,8.7,"告白, / 自白  /  母亲", 剧情 惊悚,没有一人完全善，也没有一人完全恶。,2010 
吴念真 / 李凯莉 Kelly Lee / 金燕玲 Elai..., 台湾 日本 ,杨德昌 Edward Yang,https://img1.doubanio.com/view/photo/s_ratio_poster/public/p2119675128.jpg,https://movie.douban.com/subject/1292434/,185457人评价,100,9.0,"一一, / Yi yi  /  Yi yi: A One and a Two", 剧情 爱情 家庭,我们都曾经是一一。,2000 
梁朝伟 Tony Leung Chiu Wai / 林青霞 Bri..., 香港 ,刘镇伟 Jeffrey Lau,https://img3.doubanio.com/view/photo/s_ratio_poster/public/p1993903133.jpg,https://movie.douban.com/subject/1316510/,331129人评价,101,8.7,"射雕英雄传之东成西就, / 射鵰英雄傳之東成西就, / 东成西就  /  大英雄 (日本)", 喜剧 古装,百看不厌。 ,1993 
黎明 Leon Lai / 张曼玉 Maggie Cheung / ..., 香港 ,陈可辛 Peter Chan,https://img3.doubanio.com/view/photo/s_ratio_poster/public/p1962839732.jpg,https://movie.douban.com/subject/1305164/,271983人评价,102,8.8,"甜蜜蜜, / Comrades: Almost a Love Story", 剧情 爱情,相逢只要一瞬间，等待却像是一辈子。,1996 
沈恩京 Eun-kyung Shim / 闵孝琳 Hy..., 韩国 ,姜炯哲 Hyeong-Cheol Kang,https://img1.doubanio.com/view/photo/s_ratio_poster/public/p1374786017.jpg,https://movie.douban.com/subject/4917726/,326273人评价,103,8.8,"阳光姐妹淘, / 써니, / 阳光姊妹淘(港)  /  桑尼", 剧情 喜剧,再多各自牛逼的时光，也比不上一起傻逼的岁月。 ,2011 
本·阿弗莱克 Ben Affleck / 罗莎蒙..., 美国 ,大卫·芬奇 David Fincher,https://img3.doubanio.com/view/photo/s_ratio_poster/public/p2221768894.jpg,https://movie.douban.com/subject/21318488/,441931人评价,104,8.7,"消失的爱人, / Gone Girl, / 失踪的女孩  /  失踪女孩", 剧情 犯罪 悬疑 惊悚,年度最佳date movie。,2014 
伊桑·霍克 Ethan Hawke ..., 美国 奥地利 瑞士 ,理查德·林克莱特 Richard Linklater,https://img3.doubanio.com/view/photo/s_ratio_poster/public/p452582315.jpg,https://movie.douban.com/subject/1296339/,272018人评价,105,8.7,"爱在黎明破晓前, / Before Sunrise, / 情留半天(港)  /  爱在黎明破晓时(台)", 剧情 爱情,缘分是个连绵词，最美不过一瞬。,1995 
Alexandre Rodrigues / Lea..., 巴西 法国 ,Kátia Lund / Fernando Meirelles,https://img3.doubanio.com/view/photo/s_ratio_poster/public/p455677490.jpg,https://movie.douban.com/subject/1292208/,180487人评价,106,8.9,"上帝之城, / Cidade de Deus, / 无主之城 (港)  /  无法无天 (台)", 犯罪 剧情,被上帝抛弃了的上帝之城。,2002 
..., 美国 ,李·昂克里奇 Lee Unkrich / 阿德里安·莫利纳 Adrian Molina,https://img1.doubanio.com/view/photo/s_ratio_poster/public/p2503997609.jpg,https://movie.douban.com/subject/20495023/,611883人评价,107,9.0,"寻梦环游记, / Coco, / 可可夜总会(台)  /  玩转极乐园(港)", 喜剧 动画 奇幻 音乐,死亡不是真的逝去，遗忘才是永恒的消亡。,2017 
周星驰 Stephen Ch..., 香港 ,周星驰 Stephen Chow / 李力持 Lik-Chi Lee,https://img3.doubanio.com/view/photo/s_ratio_poster/public/p1043597424.jpg,https://movie.douban.com/subject/1302425/,402669人评价,108,8.6,"喜剧之王, / 喜劇之王, / King of Comedy", 喜剧 剧情 爱情,我是一个演员。,1999 
桥本爱 Ai Hashimoto / 三浦贵大 Takahir..., 日本 ,森淳一 Junichi Mori,https://img3.doubanio.com/view/photo/s_ratio_poster/public/p2221319641.jpg,https://movie.douban.com/subject/25814705/,178869人评价,109,8.9,"小森林 夏秋篇, / リトル・フォレスト 夏・秋, / 小森食光 / 夏秋篇(台) ", 剧情,那些静得只能听见呼吸的日子里，你明白孤独即生活。,2014 
本名阳子 Youko Honna / 小林桂树 K..., 日本 ,近藤喜文 Yoshifumi Kondo,https://img3.doubanio.com/view/photo/s_ratio_poster/public/p456692072.jpg,https://movie.douban.com/subject/1297052/,211450人评价,110,8.8,"侧耳倾听, / 耳をすませば, / 心之谷  /  梦幻街少女", 剧情 爱情 动画,少女情怀总是诗。,1995 
张国荣 Leslie Cheung / 王祖贤 Joey W..., 香港 ,程小东 Siu-Tung Ching,https://img3.doubanio.com/view/photo/s_ratio_poster/public/p2414157745.jpg,https://movie.douban.com/subject/1297447/,327016人评价,111,8.6,"倩女幽魂, / 倩女幽魂(87版)  /  A Chinese Ghost Story", 剧情 爱情 武侠 古装,两张绝世的脸。 ,1987 
河正宇 Jung-woo Ha / 李璟荣 Kyeong-y..., 韩国 ,金秉祐 Byeong-woo Kim,https://img3.doubanio.com/view/photo/s_ratio_poster/public/p2016930906.jpg,https://movie.douban.com/subject/21360417/,287517人评价,112,8.7,"恐怖直播, / 더 테러 라이브, / 死亡“动”新闻(港)  /  恐怖攻击直播(台)", 剧情 犯罪 悬疑,恐怖分子的“秋菊打官司”。,2013 
岛本须美 Sumi Shimamoto / 松田洋治 Y..., 日本 ,宫崎骏 Hayao Miyazaki,https://img3.doubanio.com/view/photo/s_ratio_poster/public/p1917567652.jpg,https://movie.douban.com/subject/1291585/,211017人评价,113,8.8,"风之谷, / 風の谷のナウシカ, / 风谷少女  /  Kaze no tani no Naushika", 动画 奇幻 冒险,动画片的圣经。,1984 
艾德里安·布洛迪 Adrien Brody / 马西..., 美国 ,托尼·凯耶 Tony Kaye,https://img3.doubanio.com/view/photo/s_ratio_poster/public/p1305562621.jpg,https://movie.douban.com/subject/5322596/,216890人评价,114,8.8,"超脱, / Detachment, / 人间师格(台)", 剧情,穷尽一生，我们要学会的，不过是彼此拥抱。,2011 
伊桑·霍克 Ethan Hawke ..., 美国 ,理查德·林克莱特 Richard Linklater,https://img3.doubanio.com/view/photo/s_ratio_poster/public/p1910924055.jpg,https://movie.douban.com/subject/1291990/,240159人评价,115,8.8,"爱在日落黄昏时, / Before Sunset, / 日落巴黎(港)  /  爱在日落巴黎时(台)", 剧情 爱情,九年后的重逢是世俗和责任的交叠，没了悸动和青涩，沧桑而温暖。,2004 
林原惠美 Megumi Hayashibara / 古谷彻 T..., 日本 ,今敏 Satoshi Kon,https://img3.doubanio.com/view/photo/s_ratio_poster/public/p672363704.jpg,https://movie.douban.com/subject/1865703/,170386人评价,116,8.9,"红辣椒, / パプリカ, / 盗梦侦探  /  帕布莉卡", 动画 悬疑 科幻 惊悚,梦的勾结。,2006 
北野武 Takeshi Kitano / 关口雄介 Yus..., 日本 ,北野武 Takeshi Kitano,https://img3.doubanio.com/view/photo/s_ratio_poster/public/p751835224.jpg,https://movie.douban.com/subject/1293359/,232200人评价,117,8.8,"菊次郎的夏天, / 菊次郎の夏, / Kikujirô no natsu  /  菊次郎的夏天", 剧情 喜剧,从没见过那么流氓的温柔，从没见过那么温柔的流氓。,1999 
..., 美国 ,迪恩·德布洛斯 Dean DeBlois / 克里斯·桑德斯 Chris Sanders,https://img3.doubanio.com/view/photo/s_ratio_poster/public/p490385643.jpg,https://movie.douban.com/subject/2353023/,351476人评价,118,8.7,"驯龙高手, / How to Train Your Dragon, / 驯龙记(港)", 喜剧 动画 奇幻 冒险,和谐的生活离不开摸头与被摸头。,2010 
汤姆·汉克斯 Tom Hanks..., 美国 ,史蒂文·斯皮尔伯格 Steven Spielberg,https://img3.doubanio.com/view/photo/s_ratio_poster/public/p792263736.jpg,https://movie.douban.com/subject/1292274/,268407人评价,119,8.7,"幸福终点站, / The Terminal, / 机场客运站(港)  /  航站情缘(台)", 喜剧 剧情 爱情,有时候幸福需要等一等。 ,2004 
..., 美国 法国 ,皮艾尔·柯芬 Pierre Coffin / 克里斯·雷纳德 Chris Renaud,https://img1.doubanio.com/view/photo/s_ratio_poster/public/p792776858.jpg,https://movie.douban.com/subject/3287562/,473886人评价,120,8.5,"神偷奶爸, / Despicable Me, / 卑鄙的我  /  坏蛋奖门人(港)", 喜剧 动画 冒险,Mr. I Don't Care其实也有Care的时候。,2010 
宋康昊 Kang-ho Song / 金相庆 Sang-kyun..., 韩国 ,奉俊昊 Joon-ho Bong,https://img1.doubanio.com/view/photo/s_ratio_poster/public/p480225538.jpg,https://movie.douban.com/subject/1300299/,252595人评价,121,8.7,"杀人回忆, / 살인의 추억, / 谋杀回忆  /  杀手回忆录", 犯罪 剧情 悬疑 惊悚,关于连环杀人悬案的集体回忆。,2003 
志田未来 Mirai Shida / 神木..., 日本 ,米林宏昌 Hiromasa Yonebayashi,https://img3.doubanio.com/view/photo/s_ratio_poster/public/p617533616.jpg,https://movie.douban.com/subject/4202302/,260600人评价,122,8.7,"借东西的小人阿莉埃蒂, / 借りぐらしのアリエッティ, / 借物少女艾莉缇(台)  /  借东西的小矮人亚莉亚蒂(港)", 动画 奇幻 冒险,曾经的那段美好会沉淀为一辈子的记忆。,2010 
蒂莫西·柴勒梅德 Timothée ..., 意大利 法国 巴西 美国 ,卢卡·圭达尼诺 Luca Guadagnino,https://img3.doubanio.com/view/photo/s_ratio_poster/public/p2505525050.jpg,https://movie.douban.com/subject/26799731/,243121人评价,123,8.8,"请以你的名字呼唤我, / Call Me by Your Name, / 以你的名字呼唤我(港 / 台) ", 剧情 爱情 同性,沉醉在电影的情感和视听氛围中无法自拔。,2017 
三船敏郎 Toshirô Mifune / 志村乔 ..., 日本 ,黑泽明 Akira Kurosawa,https://img3.doubanio.com/view/photo/s_ratio_poster/public/p647099823.jpg,https://movie.douban.com/subject/1295399/,94604人评价,124,9.2,"七武士, / 七人の侍, / 七侠四义(港)  /  The Seven Samurai", 动作 冒险 剧情,时代悲歌。,1954 
丹尼尔·雷德克里夫 Daniel Radcliffe..., 美国 英国 ,大卫·叶茨 David Yates,https://img3.doubanio.com/view/photo/s_ratio_poster/public/p917846733.jpg,https://movie.douban.com/subject/3011235/,339610人评价,125,8.7,"哈利·波特与死亡圣器(下), / Harry Potter and the Deathly Hallows: Part 2, / 哈利波特7：死神的圣物2(港 / 台) ", 剧情 悬疑 奇幻 冒险,10年的完美句点。,2011 
吴君如 Sandra Ng / 任达华 Simon Yam / 钟绍..., 香港 中国大陆 ,罗启锐 Alex Law,https://img3.doubanio.com/view/photo/s_ratio_poster/public/p456666151.jpg,https://movie.douban.com/subject/3792799/,353420人评价,126,8.6,"岁月神偷, / 歲月神偷, / 1969太空漫游  /  Echoes Of The Rainbow", 剧情 家庭,岁月流逝，来日可追。,2010 
桥本爱 Ai Hashimoto / 三浦贵大 Takahir..., 日本 ,森淳一 Junichi Mori,https://img1.doubanio.com/view/photo/s_ratio_poster/public/p2215147728.jpg,https://movie.douban.com/subject/25814707/,155037人评价,127,9.0,"小森林 冬春篇, / リトル・フォレスト 冬・春, / 小森食光 / 冬春篇(台) ", 剧情,尊敬他人，尊敬你生活的这片土地，明白孤独是人生的常态。,2015 
约..., 美国 ,彼特·道格特 Pete Docter / 大卫·斯沃曼 David Silverman,https://img1.doubanio.com/view/photo/s_ratio_poster/public/p2513247938.jpg,https://movie.douban.com/subject/1291579/,302017人评价,128,8.6,"怪兽电力公司, / Monsters, Inc., / 怪兽公司(港)  /  怪物公司", 儿童 喜剧 动画 奇幻 冒险,不要给它起名字，起了名字就有感情了。,2001 
辰己努 / 白石绫乃 / 志乃原良子, 日本 ,高畑勋 Isao Takahata,https://img1.doubanio.com/view/photo/s_ratio_poster/public/p2237136718.jpg,https://movie.douban.com/subject/1293318/,239118人评价,129,8.7,"萤火虫之墓, / 火垂るの墓, / 再见萤火虫(港)  /  萤火挽歌", 动画 剧情 战争,幸福是生生不息，却难以触及的远。 ,1988 
马特·达蒙 Matt Damon / ..., 美国 德国 ,保罗·格林格拉斯 Paul Greengrass,https://img1.doubanio.com/view/photo/s_ratio_poster/public/p792223507.jpg,https://movie.douban.com/subject/1578507/,217829人评价,130,8.7,"谍影重重3, / The Bourne Ultimatum, / 叛谍追击3：最后通牒(港)  /  神鬼认证：最后通牒 (台)", 动作 悬疑 惊悚,像吃了苏打饼一样干脆的电影。,2007 
雷·沃纳尔 Leigh Whannell / 加利·艾..., 美国 ,詹姆斯·温 James Wan,https://img3.doubanio.com/view/photo/s_ratio_poster/public/p2163771304.jpg,https://movie.douban.com/subject/1417598/,237546人评价,131,8.7,"电锯惊魂, / Saw, / 夺魂锯(台)  /  恐惧斗室(港)", 悬疑 惊悚 恐怖,真相就在眼前。,2004 
柳承龙 Seung-yong Ryoo / 朴信惠 Shi..., 韩国 ,李焕庆 Hwan-kyeong Lee,https://img3.doubanio.com/view/photo/s_ratio_poster/public/p1816276065.jpg,https://movie.douban.com/subject/10777687/,222001人评价,132,8.7,"7号房的礼物, / 7번방의 선물, / 戆爸的礼物(港)  /  7号囚房的礼物", 剧情 喜剧 家庭,《我是山姆》的《美丽人生》。,2013 
张国荣 Leslie Cheung / 林青霞 Brigitte..., 香港 台湾 ,王家卫 Kar Wai Wong,https://img3.doubanio.com/view/photo/s_ratio_poster/public/p1982176012.jpg,https://movie.douban.com/subject/1292328/,307212人评价,133,8.6,"东邪西毒, / 東邪西毒, / Ashes of Time", 剧情 动作 爱情 武侠 古装,电影诗。,1994 
赵文瑄 Winston Chao / 郎雄 Sihung Lung / 归亚..., 台湾 美国 ,李安 Ang Lee,https://img1.doubanio.com/view/photo/s_ratio_poster/public/p2249048907.jpg,https://movie.douban.com/subject/1303037/,168409人评价,134,8.8,"喜宴, / 囍宴, / The Wedding Banquet", 剧情 喜剧 爱情 同性 家庭,中国家庭的喜怒哀乐忍。,1993 
.., 美国 ,科克·德·米科 Kirk De Micco / 克里斯·桑德斯 Chris Sanders,https://img1.doubanio.com/view/photo/s_ratio_poster/public/p1867084027.jpg,https://movie.douban.com/subject/1907966/,441796人评价,135,8.7,"疯狂原始人, / The Croods, / 古鲁家族(港 / 台) ", 喜剧 动画 冒险,老少皆宜，这就是好莱坞动画的魅力。,2013 
戴夫..., 英国 美国 ,丹尼·鲍尔 Danny Boyle / 洛芙琳·坦丹 Loveleen Tandan,https://img3.doubanio.com/view/photo/s_ratio_poster/public/p2434249040.jpg,https://movie.douban.com/subject/2209573/,448260人评价,136,8.5,"贫民窟的百万富翁, / Slumdog Millionaire, / 贫民百万富翁(台)  /  一百万零一夜(港)", 剧情 爱情,上帝之城+猜火车+阿甘正传+开心辞典=山寨富翁,2008 
佐仓绫音 Ayane Sakura / 内山昂辉 K..., 日本 ,大森贵弘 Takahiro Omori,https://img1.doubanio.com/view/photo/s_ratio_poster/public/p1272904657.jpg,https://movie.douban.com/subject/5989818/,204844人评价,137,8.8,"萤火之森, / 蛍火の杜へ, / 萤火之社  /  Hotarubi no mori e", 剧情 爱情 动画 奇幻,触不到的恋人。,2011 
盖·皮尔斯 Guy Pearce /..., 美国 ,克里斯托弗·诺兰 Christopher Nolan,https://img3.doubanio.com/view/photo/s_ratio_poster/public/p641688453.jpg,https://movie.douban.com/subject/1304447/,329015人评价,138,8.6,"记忆碎片, / Memento, / 失忆  /  记忆拼图(台)", 犯罪 剧情 悬疑 惊悚,一个针管引发的血案。,2000 
娜塔莉·波特曼 Natalie..., 美国 ,达伦·阿罗诺夫斯基 Darren Aronofsky,https://img3.doubanio.com/view/photo/s_ratio_poster/public/p719282906.jpg,https://movie.douban.com/subject/1978709/,486347人评价,139,8.5,"黑天鹅, / Black Swan, / 夺命黑天鹅  /  霸王别鹅(豆友译名)", 剧情 惊悚,黑暗之美。,2010 
休·格兰特 Hugh Grant / 柯林..., 英国 美国 法国 ,理查德·柯蒂斯 Richard Curtis,https://img3.doubanio.com/view/photo/s_ratio_poster/public/p475600770.jpg,https://movie.douban.com/subject/1292401/,363541人评价,140,8.5,"真爱至上, / Love Actually, / 爱是您，爱是我(台)  /  真的恋爱了(港)", 喜剧 剧情 爱情,爱，是个动词。,2003 
周润发 Yun-Fat Chow / 狄龙 Lung Ti / 张国..., 香港 ,吴宇森 John Woo,https://img1.doubanio.com/view/photo/s_ratio_poster/public/p2504997087.jpg,https://movie.douban.com/subject/1297574/,219956人评价,141,8.6,"英雄本色, / A Better Tomorrow  /  Gangland Boss", 动作 犯罪,英雄泪短，兄弟情长。 ,1986 
斯科特..., 美国 ,唐·霍尔 Don Hall / 克里斯·威廉姆斯 Chris Williams,https://img1.doubanio.com/view/photo/s_ratio_poster/public/p2224568669.jpg,https://movie.douban.com/subject/11026735/,461828人评价,142,8.6,"超能陆战队, / Big Hero 6, / 大英雄联盟(港)  /  大英雄天团(台)", 喜剧 动作 科幻 动画 冒险,Balalala~~~,2014 
周星驰 Stephen Chow / 巩俐 Li Gong / 陈..., 香港 ,李力持 Lik-Chi Lee,https://img3.doubanio.com/view/photo/s_ratio_poster/public/p1946455272.jpg,https://movie.douban.com/subject/1306249/,429981人评价,143,8.5,"唐伯虎点秋香, / 唐伯虎點秋香, / Flirting Scholar", 喜剧 爱情 古装,华太师是黄霑，吴镇宇四大才子之一。,1993 
克里斯蒂安·贝尔 Christ..., 美国 英国 ,克里斯托弗·诺兰 Christopher Nolan,https://img3.doubanio.com/view/photo/s_ratio_poster/public/p1706428744.jpg,https://movie.douban.com/subject/3395373/,351516人评价,144,8.6,"蝙蝠侠：黑暗骑士崛起, / The Dark Knight Rises, / 蝙蝠侠前传3：黑暗骑士崛起  /  黑暗骑士：黎明升起(台)", 剧情 动作 科幻 犯罪 惊悚,诺兰就是保证。,2012 
达斯汀·霍夫曼 Dustin Hoffman ..., 美国 ,巴瑞·莱文森 Barry Levinson,https://img3.doubanio.com/view/photo/s_ratio_poster/public/p942376281.jpg,https://movie.douban.com/subject/1291870/,237804人评价,145,8.7,"雨人, / Rain Man, / 手足情未了  /  手足情深", 剧情,生活在自己的世界里，也可以让周围的人显得可笑和渺小。,1988 
霍卫民 Weimin Huo / 王笑天 Xiaotian Wang ..., 中国大陆 ,忻钰坤 Yukun Xin,https://img3.doubanio.com/view/photo/s_ratio_poster/public/p2275298525.jpg,https://movie.douban.com/subject/25917973/,228182人评价,146,8.7,"心迷宫, / 殡棺  /  The Coffin in the Mountain", 剧情 犯罪 悬疑,荒诞讽刺，千奇百巧，抽丝剥茧，百转千回。,2014 
唐·钱德尔 Don Cheadle / 苏菲·奥..., 英国 南非 意大利 美国 ,特瑞·乔治 Terry George,https://img3.doubanio.com/view/photo/s_ratio_poster/public/p2159368352.jpg,https://movie.douban.com/subject/1291822/,143063人评价,147,8.9,"卢旺达饭店, / Hotel Rwanda, / 卢安达饭店(台)", 剧情 历史 战争,当这个世界闭上双眼，他却敞开了怀抱。,2004 
凯拉·奈特莉 Keira Knightley / 马修·..., 法国 英国 美国 ,乔·怀特 Joe Wright,https://img3.doubanio.com/view/photo/s_ratio_poster/public/p452005185.jpg,https://movie.douban.com/subject/1418200/,364950人评价,148,8.5,"傲慢与偏见, / Pride & Prejudice, / 傲慢与偏见2005  /  Pride And Prejudice", 剧情 爱情,爱是摈弃傲慢与偏见之后的曙光。,2005 
达里奥·葛兰帝内提 Darío..., 阿根廷 西班牙 ,达米安·斯兹弗隆 Damián Szifron,https://img3.doubanio.com/view/photo/s_ratio_poster/public/p2192834364.jpg,https://movie.douban.com/subject/24750126/,182958人评价,149,8.8,"荒蛮故事, / Relatos salvajes, / 蛮荒故事  /  生命中最抓狂的小事(台)", 剧情 喜剧 犯罪,始于荒诞，止于更荒诞。,2014 
..., 法国 瑞士 西班牙 美国 阿联酋 ,雅克·贝汉 Jacques Perrin / 雅克·克鲁奥德 Jacques Cluzaud,https://img3.doubanio.com/view/photo/s_ratio_poster/public/p497010372.jpg,https://movie.douban.com/subject/3443389/,107995人评价,150,9.0,"海洋, / Océans, / Oceans  /  海洋", 纪录片,大海啊，不全是水。,2009 
周润发 Yun-Fat Chow / 张国荣 Leslie Cheung..., 香港 ,吴宇森 John Woo,https://img3.doubanio.com/view/photo/s_ratio_poster/public/p2272146906.jpg,https://movie.douban.com/subject/1295409/,185662人评价,151,8.7,"纵横四海, / 緃横四海, / Once a Thief", 剧情 喜剧 动作 犯罪,香港浪漫主义警匪动作片的巅峰之作。,1991 
柳乐优弥 Yûya Yagira / 北浦爱..., 日本 ,是枝裕和 Hirokazu Koreeda,https://img3.doubanio.com/view/photo/s_ratio_poster/public/p661160053.jpg,https://movie.douban.com/subject/1292337/,95745人评价,152,9.1,"无人知晓, / 誰も知らない, / 谁知赤子心(港)  /  无人知晓的夏日清晨(台)", 剧情,我的平常生活就是他人的幸福。,2004 
卡西·阿弗莱克 Casey Affle..., 美国 ,肯尼斯·罗纳根 Kenneth Lonergan,https://img1.doubanio.com/view/photo/s_ratio_poster/public/p2496940327.jpg,https://movie.douban.com/subject/25980443/,250022人评价,153,8.6,"海边的曼彻斯特, / Manchester by the Sea, / 情系海边之城(港)  /  海曼", 剧情 家庭,我们都有权利不与自己的过去和解。,2016 
多姆纳尔·格利森 Domhnall Gl..., 英国 ,理查德·柯蒂斯 Richard Curtis,https://img3.doubanio.com/view/photo/s_ratio_poster/public/p2070153774.jpg,https://movie.douban.com/subject/10577869/,250882人评价,154,8.7,"时空恋旅人, / About Time, / 时空旅恋人  /  回到最爱的一天(港)", 剧情 爱情 奇幻,把每天当作最后一天般珍惜度过，积极拥抱生活，就是幸福。,2013 
阿尔·帕西诺 A..., 美国 ,弗朗西斯·福特·科波拉 Francis Ford Coppola,https://img3.doubanio.com/view/photo/s_ratio_poster/public/p2169664351.jpg,https://movie.douban.com/subject/1294240/,159649人评价,155,8.8,"教父3, / The Godfather: Part III, / 教父第三集  /  教父 III", 剧情 犯罪,任何信念的力量，都无法改变命运。,1990 
路易·德·菲耐斯 Louis de Funès..., 法国 英国 ,杰拉尔·乌里 Gérard Oury,https://img3.doubanio.com/view/photo/s_ratio_poster/public/p2399597512.jpg,https://movie.douban.com/subject/1296909/,123651人评价,156,8.9,"虎口脱险, / La grande vadrouille, / 横冲直撞出重围(港)  /  大進擊(台)", 喜剧 战争,永远看不腻的喜剧。,1966 
汤姆·汉克斯 Tom Hanks / 蒂姆·艾..., 美国 ,李·昂克里奇 Lee Unkrich,https://img1.doubanio.com/view/photo/s_ratio_poster/public/p1283675359.jpg,https://movie.douban.com/subject/1858711/,228674人评价,157,8.8,"玩具总动员3, / Toy Story 3, / 反斗奇兵3(港)  /  玩具的故事3", 喜剧 动画 奇幻 冒险,跨度十五年的欢乐与泪水。,2010 
凯文·科斯特纳 Kevin Cos..., 美国 ,克林特·伊斯特伍德 Clint Eastwood,https://img3.doubanio.com/view/photo/s_ratio_poster/public/p792403691.jpg,https://movie.douban.com/subject/1300992/,100131人评价,158,9.0,"完美的世界, / A Perfect World, / 强盗保镳", 剧情 犯罪,坏人的好总是比好人的好来得更感人。,1993 
梁朝伟 Tony Leung Chiu Wai / 张曼玉 Ma..., 香港 ,王家卫 Kar Wai Wong,https://img3.doubanio.com/view/photo/s_ratio_poster/public/p1910828286.jpg,https://movie.douban.com/subject/1291557/,292498人评价,159,8.6,"花样年华, / 花樣年華, / In the Mood for Love", 剧情 爱情,偷情本没有这样美。,2000 
马修·麦康纳 Matthew McCon..., 美国 ,让-马克·瓦雷 Jean-Marc Vallée,https://img1.doubanio.com/view/photo/s_ratio_poster/public/p2166160837.jpg,https://movie.douban.com/subject/1793929/,225785人评价,160,8.7,"达拉斯买家俱乐部, / Dallas Buyers Club, / 续命枭雄(港)  /  药命俱乐部(台)", 剧情 传记 同性,Jared Leto的腿比女人还美！,2013 
瑞恩·高斯林 Ryan Gosling /..., 美国 ,尼克·卡索维茨 Nick Cassavetes,https://img3.doubanio.com/view/photo/s_ratio_poster/public/p483604864.jpg,https://movie.douban.com/subject/1309163/,335911人评价,161,8.5,"恋恋笔记本, / The Notebook, / 深情日记  /  写我情真", 剧情 爱情,爱情没有那么多借口，如果不能圆满，只能说明爱的不够。 ,2004 
安德鲁·加菲尔德 Andrew Garfield /..., 美国 澳大利亚 ,梅尔·吉布森 Mel Gibson,https://img1.doubanio.com/view/photo/s_ratio_poster/public/p2398141939.jpg,https://movie.douban.com/subject/26325320/,393644人评价,162,8.7,"血战钢锯岭, / Hacksaw Ridge, / 钢锯岭  /  钢铁英雄(台)", 剧情 传记 历史 战争,优秀的战争片不会美化战场，不会粉饰死亡，不会矮化敌人，不会无视常识，最重要的，不会宣扬战争。,2016 
安东尼·霍普金斯 Anthony Hopki..., 美国 ,爱德华·兹威克 Edward Zwick,https://img1.doubanio.com/view/photo/s_ratio_poster/public/p1023654037.jpg,https://movie.douban.com/subject/1295865/,166976人评价,163,8.7,"燃情岁月, / Legends of the Fall, / 秋日传奇  /  真爱一世情(台)", 剧情 爱情 西部 家庭,传奇，不是每个人都可以拥有。,1994 
, 中国大陆 ,郭柯 Ke Guo,https://img1.doubanio.com/view/photo/s_ratio_poster/public/p2457609817.jpg,https://movie.douban.com/subject/26430107/,135061人评价,164,8.7,"二十二, / Twenty Two  /  22", 纪录片,有一些东西不应该被遗忘。,2015 
Gene Kelly / Donald O'Connor / ..., 美国 ,Stanley Donen / Gene Kelly,https://img3.doubanio.com/view/photo/s_ratio_poster/public/p1612355875.jpg,https://movie.douban.com/subject/1293460/,107969人评价,165,9.0,"雨中曲, / Singin' in the Rain, / 雨中情  /  万花嬉春", 喜剧 歌舞 爱情,骨灰级歌舞片。,1952 
Vivien Leigh / Robert Taylor / Lucile Watson, 美国 ,Mervyn LeRoy,https://img1.doubanio.com/view/photo/s_ratio_poster/public/p2351134499.jpg,https://movie.douban.com/subject/1293964/,147969人评价,166,8.8,"魂断蓝桥, / Waterloo Bridge, / 滑铁卢桥  /  断桥残梦", 剧情 战争 爱情,中国式内在的美国电影。,1940 
仲里依纱 Riisa Naka / 石田卓也 Takuya..., 日本 ,细田守 Mamoru Hosoda,https://img3.doubanio.com/view/photo/s_ratio_poster/public/p2079334286.jpg,https://movie.douban.com/subject/1937946/,215898人评价,167,8.6,"穿越时空的少女, / 時をかける少女, / 跳跃吧！时空少女(台)  /  Toki o kakeru shôjo", 剧情 爱情 科幻 动画,爱上未来的你。 ,2006 
.., 美国 ,卡洛斯·沙尔丹哈 Carlos Saldanha / 克里斯·韦奇 Chris Wedge,https://img1.doubanio.com/view/photo/s_ratio_poster/public/p1910895719.jpg,https://movie.douban.com/subject/1291578/,325003人评价,168,8.5,"冰川时代, / Ice Age, / 冰河世纪  /  冰原历险记", 喜剧 动画 冒险,松鼠才是角儿。,2002 
Sean Penn / Dakota Fanning / Mi..., 美国 ,杰茜·尼尔森 Jessie Nelson,https://img3.doubanio.com/view/photo/s_ratio_poster/public/p652417775.jpg,https://movie.douban.com/subject/1306861/,127006人评价,169,8.8,"我是山姆, / I Am Sam, / 不一样的爸爸(港)  /  他不笨，他是我爸爸(台)", 剧情 家庭,爱并不需要智商 。,2001 
伊万·麦克格雷格 Ewan McGregor / ..., 英国 ,丹尼·博伊尔 Danny Boyle,https://img1.doubanio.com/view/photo/s_ratio_poster/public/p513567548.jpg,https://movie.douban.com/subject/1292528/,280298人评价,170,8.5,"猜火车, / Trainspotting, / 迷幻列车(港)  /  定位的火车", 犯罪 剧情,不可猜的青春迷笛。 ,1996 
海利·乔·奥斯蒙 Haley..., 美国 ,史蒂文·斯皮尔伯格 Steven Spielberg,https://img1.doubanio.com/view/photo/s_ratio_poster/public/p792257137.jpg,https://movie.douban.com/subject/1302827/,224555人评价,171,8.6,"人工智能, / Artificial Intelligence: AI, / AI人工智慧", 冒险 剧情 科幻,对爱的执着，可以超越一切。,2001 
, 美国 ,彼特·道格特 Pete Docter / 罗纳尔多·德尔·卡门 Ronaldo Del Carmen  &nb...,https://img3.doubanio.com/view/photo/s_ratio_poster/public/p2266293606.jpg,https://movie.douban.com/subject/10533913/,283010人评价,172,8.7,"头脑特工队, / Inside Out, / 玩转脑朋友(港)  /  脑筋急转弯(台)", 喜剧 动画 冒险,愿我们都不用长大，每一座城堡都能永远存在。,2015 
杰米·福克斯 Jamie Foxx /..., 美国 ,昆汀·塔伦蒂诺 Quentin Tarantino,https://img1.doubanio.com/view/photo/s_ratio_poster/public/p1959232369.jpg,https://movie.douban.com/subject/6307447/,304681人评价,173,8.6,"被解救的姜戈, / Django Unchained, / 被解放的姜戈  /  决杀令(台)", 剧情 动作 西部 冒险,热血沸腾，那个低俗、性感的无耻混蛋又来了。,2012 
迈尔斯·特勒 Miles Teller /..., 美国 ,达米安·沙泽勒 Damien Chazelle,https://img3.doubanio.com/view/photo/s_ratio_poster/public/p2220776342.jpg,https://movie.douban.com/subject/25773932/,280862人评价,174,8.6,"爆裂鼓手, / Whiplash, / 鼓动真我(港)  /  进击的鼓手(台)", 剧情 音乐,这个世界从不善待努力的人，努力了也不一定会成功，但是知道自己在努力，就是活下去的动力。,2014 
岩男润子 Junko Iwao / 松本梨香 Rica Matsu..., 日本 ,今敏 Satoshi Kon,https://img3.doubanio.com/view/photo/s_ratio_poster/public/p1351050722.jpg,https://movie.douban.com/subject/1395091/,121019人评价,175,8.9,"未麻的部屋, / Perfect Blue, / 蓝色的恐惧  /  蓝色恐惧", 动画 奇幻 惊悚,好的剧本是，就算你猜到了结局也猜不到全部。,1997 
三船敏郎 Toshirô Mifune / 千秋实 ..., 日本 ,黑泽明 Akira Kurosawa,https://img1.doubanio.com/view/photo/s_ratio_poster/public/p1864872647.jpg,https://movie.douban.com/subject/1291879/,151150人评价,176,8.7,"罗生门, / 羅生門, / Rashomon", 犯罪 剧情 悬疑,人生的N种可能性。,1950 
神木隆之介 Ryûnosuke Kamiki / 上..., 日本 ,新海诚 Makoto Shinkai,https://img1.doubanio.com/view/photo/s_ratio_poster/public/p2395733377.jpg,https://movie.douban.com/subject/26683290/,602465人评价,177,8.4,"你的名字。, / 君の名は。, / 你的名字  /  君之名", 剧情 爱情 动画,穿越错位的时空，仰望陨落的星辰，你没留下你的名字，我却无法忘记那句“我爱你”。,2016 
尤尔根·沃格尔 Jürgen Vogel ..., 德国 ,丹尼斯·甘塞尔 Dennis Gansel,https://img3.doubanio.com/view/photo/s_ratio_poster/public/p1344888983.jpg,https://movie.douban.com/subject/2297265/,154193人评价,178,8.7,"浪潮, / Die Welle, / 恶魔教室(台)  /  白恤暴潮(港)", 剧情 惊悚,世界离独裁只有五天。,2008 
约翰·C·赖利 John C. Reilly / 萨拉..., 美国 ,瑞奇·莫尔 Rich Moore,https://img3.doubanio.com/view/photo/s_ratio_poster/public/p1735642656.jpg,https://movie.douban.com/subject/6534248/,243600人评价,179,8.7,"无敌破坏王, / Wreck-It Ralph, / 破坏王拉尔夫  /  破坏王大冒险", 喜剧 动画 奇幻 冒险,迪士尼和皮克斯拿错剧本的产物。,2012 
本·卫肖 Ben Whishaw / 艾伦·瑞克..., 德国 法国 西班牙 美国 ,汤姆·提克威 Tom Tykwer,https://img1.doubanio.com/view/photo/s_ratio_poster/public/p470006658.jpg,https://movie.douban.com/subject/1760622/,320090人评价,180,8.4,"香水, / Perfume: The Story of a Murderer, / 香水：一个杀人犯的故事  /  香水：一个谋杀犯的故事", 剧情 犯罪 奇幻,一个单凭体香达到高潮的男人。,2006 
张国荣 Leslie Cheung / 张曼玉 Maggie C..., 香港 ,王家卫 Kar Wai Wong,https://img3.doubanio.com/view/photo/s_ratio_poster/public/p2525770523.jpg,https://movie.douban.com/subject/1305690/,250279人评价,181,8.5,"阿飞正传, / 阿飛正傳, / Days of Being Wild", 犯罪 剧情 爱情,王家卫是一种风格，张国荣是一个代表。,1990 
凯特·温丝莱特 Kate Winslet ..., 美国 德国 ,史蒂芬·戴德利 Stephen Daldry,https://img1.doubanio.com/view/photo/s_ratio_poster/public/p1140984198.jpg,https://movie.douban.com/subject/2213597/,307780人评价,182,8.5,"朗读者, / The Reader, / 为爱朗读(台)  /  读爱(港)", 剧情 爱情,当爱情跨越年龄的界限，它似乎能变得更久远一点，成为一种责任，一种水到渠成的相濡以沫。 ,2008 
布丽·拉尔森 Brie Larson..., 爱尔兰 加拿大 英国 美国 ,伦尼·阿伯拉罕森 Lenny Abrahamson,https://img3.doubanio.com/view/photo/s_ratio_poster/public/p2259715855.jpg,https://movie.douban.com/subject/25724855/,191896人评价,183,8.8,"房间, / Room, / 不存在的房间(台)  /  抖室(港)", 剧情 家庭,被偷走的岁月，被伤害的生命，被禁锢的灵魂，终将被希望和善意救赎。,2015 
梅利莎·乔治 Melissa ..., 英国 澳大利亚 ,克里斯托弗·史密斯 Christopher Smith,https://img3.doubanio.com/view/photo/s_ratio_poster/public/p462470694.jpg,https://movie.douban.com/subject/3011051/,388953人评价,184,8.4,"恐怖游轮, / Triangle, / 汪洋血迷宮(台)  /  轮回三角", 剧情 悬疑 惊悚,不要企图在重复中寻找已经失去的爱。,2009 
本尼迪克特·康伯巴奇 Benedict C..., 英国 美国 ,莫腾·泰杜姆 Morten Tyldum,https://img3.doubanio.com/view/photo/s_ratio_poster/public/p2255040492.jpg,https://movie.douban.com/subject/10463953/,305262人评价,185,8.6,"模仿游戏, / The Imitation Game, / 解码游戏(港)  /  模拟游戏", 剧情 传记 战争 同性,他给机器起名“克里斯托弗”，因为这是他初恋的名字。,2014 
多布杰 Duobujie / 张磊 Lei Zhang / 亓亮 Qi L..., 中国大陆 香港 ,陆川 Chuan Lu,https://img3.doubanio.com/view/photo/s_ratio_poster/public/p2363208684.jpg,https://movie.douban.com/subject/1308857/,151457人评价,186,8.7,"可可西里, / Kekexili: Mountain Patrol", 剧情 犯罪,坚硬的信仰。,2004 
罗夫·拉斯加德 Rolf Lassgård..., 瑞典 ,汉内斯·赫尔姆 Hannes Holm,https://img3.doubanio.com/view/photo/s_ratio_poster/public/p2406624993.jpg,https://movie.douban.com/subject/26628357/,156309人评价,187,8.8,"一个叫欧维的男人决定去死, / En man som heter Ove, / 明天别再来敲门(台)  /  想死冇咁易(港)", 剧情,惠及一生的美丽。,2015 
山本圭 Kei Yamamoto / 井川比佐志 Hisa..., 日本 ,Seijirô Kôyama,https://img3.doubanio.com/view/photo/s_ratio_poster/public/p2297934945.jpg,https://movie.douban.com/subject/1959195/,77024人评价,188,9.1,"忠犬八公物语, / ハチ公物語, / 八千公物语  /  阿八的故事", 剧情,养狗三日，便会对你终其一生。,1987 
高山南 Minami Takayama / 佐久间玲 Re..., 日本 ,宫崎骏 Hayao Miyazaki,https://img3.doubanio.com/view/photo/s_ratio_poster/public/p456676352.jpg,https://movie.douban.com/subject/1307811/,233020人评价,189,8.5,"魔女宅急便, / 魔女の宅急便, / 魔女琪琪(台)  /  小魔女限时专送", 动画 奇幻 冒险,宫崎骏的电影总让人感觉世界是美好的，阳光明媚的。,1989 
佩曼·莫阿迪 Peyman Moadi /..., 伊朗 法国 ,阿斯哈·法哈蒂  Asghar Farhadi,https://img3.doubanio.com/view/photo/s_ratio_poster/public/p2189835254.jpg,https://movie.douban.com/subject/5964718/,151840人评价,190,8.7,"一次别离, / جدایی نادر از سیمین, / 分居风暴(台)  /  伊朗式分居(港)", 剧情 家庭,只有有信仰的人才能说出事实真相。,2011 
尼古拉斯·凯奇 Nicolas Cage /..., 美国 法国 ,安德鲁·尼科尔 Andrew Niccol,https://img3.doubanio.com/view/photo/s_ratio_poster/public/p453719066.jpg,https://movie.douban.com/subject/1419936/,198807人评价,191,8.6,"战争之王, / Lord of War, / 军火之王(台 / 港) ", 剧情 犯罪,做一颗让别人需要你的棋子。,2005 
梁正晖 Zhenghui ..., 中国大陆 ,严定宪 Dingxian Yan / 王树忱 Shuchen Wang,https://img3.doubanio.com/view/photo/s_ratio_poster/public/p2516566783.jpg,https://movie.douban.com/subject/1307315/,100237人评价,192,8.9,"哪吒闹海, / Prince Nezha's Triumph Against Dragon King  /  Nezha nao hai", 冒险 动画 奇幻,想你时你在闹海。,1979 
马可·贾利尼 Marco Giallini ..., 意大利 ,保罗·格诺维瑟 Paolo Genovese,https://img3.doubanio.com/view/photo/s_ratio_poster/public/p2522331945.jpg,https://movie.douban.com/subject/26614893/,257338人评价,193,8.6,"完美陌生人, / Perfetti sconosciuti, / 完美谎情(港)  /  波动的信息分享", 剧情 喜剧,来啊，互相伤害啊！,2016 
马特·达蒙 Matt Damon / 弗兰卡·波坦..., 美国 德国 捷克 ,道格·里曼 Doug Liman,https://img3.doubanio.com/view/photo/s_ratio_poster/public/p1597183981.jpg,https://movie.douban.com/subject/1304102/,226490人评价,194,8.5,"谍影重重, / The Bourne Identity, / 叛谍追击(港)  /  神鬼认证(台)", 动作 悬疑 惊悚,哗啦啦啦啦，天在下雨，哗啦啦啦啦，云在哭泣……找自己。,2002 
杰里米·西奥伯德 Jeremy..., 英国 ,克里斯托弗·诺兰 Christopher Nolan,https://img1.doubanio.com/view/photo/s_ratio_poster/public/p1150103377.jpg,https://movie.douban.com/subject/1397546/,94974人评价,195,8.9,"追随, / Following, / 跟踪(台)  /  致命追踪", 犯罪 悬疑 惊悚,诺兰的牛逼来源于内心散发出的恐惧。,1998 
张震 Chen Chang / 杨静怡 Lisa Yang / 张..., 台湾 ,杨德昌 Edward Yang,https://img3.doubanio.com/view/photo/s_ratio_poster/public/p848381236.jpg,https://movie.douban.com/subject/1292329/,127465人评价,196,8.8,"牯岭街少年杀人事件, / 牯嶺街少年殺人事件, / A Brighter Summer Day", 剧情 犯罪,弱者送给弱者的一刀。,1991 
达席尔·萨法瑞 Darsheel Safary / 阿..., 印度 ,阿米尔·汗 Aamir Khan,https://img3.doubanio.com/view/photo/s_ratio_poster/public/p1973489335.jpg,https://movie.douban.com/subject/2363506/,101381人评价,197,8.9,"地球上的星星, / Taare Zameen Par, / 心中的小星星(台)  /  每一个孩子都是特别的", 剧情 儿童 家庭,天使保护事件始末。,2007 
马特·达蒙 Matt Damon / ..., 美国 德国 ,保罗·格林格拉斯 Paul Greengrass,https://img3.doubanio.com/view/photo/s_ratio_poster/public/p667644866.jpg,https://movie.douban.com/subject/1308767/,188596人评价,198,8.6,"谍影重重2, / The Bourne Supremacy, / 叛谍追击2：机密圈套(港)  /  神鬼认证：神鬼疑云(台)", 动作 悬疑 惊悚,谁说王家卫镜头很晃？,2004 
桑德拉·布洛克 Sandra Bullock / ..., 美国 德国 ,保罗·哈吉斯 Paul Haggis,https://img3.doubanio.com/view/photo/s_ratio_poster/public/p2075132390.jpg,https://movie.douban.com/subject/1388216/,197715人评价,199,8.6,"撞车, / Crash, / 冲击效应  /  冲撞", 犯罪 剧情,天使与魔鬼的冲撞。,2004 
Keanu Reeves / Laurence F..., 美国 澳大利亚 ,Andy Wachowski / Larry Wachowski,https://img1.doubanio.com/view/photo/s_ratio_poster/public/p443461818.jpg,https://movie.douban.com/subject/1302467/,187369人评价,200,8.6,"黑客帝国3：矩阵革命, / The Matrix Revolutions, / 骇客任务完结篇：最后战役  /  廿二世纪杀人网络3：惊变世纪", 动作 科幻,不得不说，《黑客帝国》系列是商业片与科幻、哲学完美结合的典范。,2003 
Janet Leigh / Anthony Perkins / Vera Miles, 美国 ,Alfred Hitchcock,https://img3.doubanio.com/view/photo/s_ratio_poster/public/p1021883305.jpg,https://movie.douban.com/subject/1293181/,101242人评价,201,8.9,"惊魂记, / Psycho, / 精神病患者  /  触目惊心", 悬疑 惊悚 恐怖,故事的反转与反转，分裂电影的始祖。,1960 
张曼玉 Maggie Cheung / 王祖贤 Joey Wang / ..., 香港 ,徐克 Hark Tsui,https://img3.doubanio.com/view/photo/s_ratio_poster/public/p584021784.jpg,https://movie.douban.com/subject/1303394/,263892人评价,202,8.5,"青蛇, / Green Snake", 剧情 奇幻 古装,人生如此，浮生如斯。谁人言，花彼岸，此生情长意短。谁都是不懂爱的罢了。,1993 
艾伦·伯斯汀 Ellen Bur..., 美国 ,达伦·阿伦诺夫斯基 Darren Aronofsky,https://img3.doubanio.com/view/photo/s_ratio_poster/public/p884936202.jpg,https://movie.douban.com/subject/1292270/,128904人评价,203,8.7,"梦之安魂曲, / Requiem for a Dream, / 噩梦挽歌(台)  /  迷上瘾(港)", 剧情,一场没有春天的噩梦。,2000 
绫濑遥 Haruka Ayase / 长泽雅美 M..., 日本 ,是枝裕和 Hirokazu Koreeda,https://img1.doubanio.com/view/photo/s_ratio_poster/public/p2232247487.jpg,https://movie.douban.com/subject/25895901/,170816人评价,204,8.7,"海街日记, / 海街diary, / 海街女孩日记(港)  /  Kamakura Diary", 剧情 家庭,是枝裕和的家庭习作。,2015 
萨尔曼·汗 Salman Khan / 哈莎莉·马..., 印度 ,卡比尔·汗 Kabir Khan,https://img3.doubanio.com/view/photo/s_ratio_poster/public/p2510956726.jpg,https://movie.douban.com/subject/26393561/,212199人评价,205,8.5,"小萝莉的猴神大叔, / Bajrangi Bhaijaan, / 娃娃返乡任务(台)  /  宝莱坞之钢铁奶爸(台)", 剧情 喜剧 动作,宝莱坞的萝莉与大叔。,2015 
凯拉·奈特莉 Keira Knightley / 马克..., 美国 ,约翰·卡尼 John Carney,https://img3.doubanio.com/view/photo/s_ratio_poster/public/p2250287733.jpg,https://movie.douban.com/subject/6874403/,207642人评价,206,8.5,"再次出发之纽约遇见你, / Begin Again, / 再次出发  /  歌曲改变人生", 喜剧 爱情 音乐,爱我就给我看你的播放列表。,2013 
张曼玉 Maggie Cheung / 林青霞 Brigitte ..., 香港 中国大陆 ,李惠民 Raymond Lee,https://img1.doubanio.com/view/photo/s_ratio_poster/public/p1421018669.jpg,https://movie.douban.com/subject/1292287/,220387人评价,207,8.5,"新龙门客栈, / 新龍門客棧, / New Dragon Gate Inn", 剧情 动作 武侠 古装,嬉笑怒骂，调风动月。,1992 
阿部宽 Hiroshi Abe / 夏川结衣 Yu..., 日本 ,是枝裕和 Hirokazu Koreeda,https://img1.doubanio.com/view/photo/s_ratio_poster/public/p672446737.jpg,https://movie.douban.com/subject/2222996/,109203人评价,208,8.8,"步履不停, / 歩いても 歩いても, / 横山家之味(港)  /  步伐不停", 剧情 家庭,日本的家庭电影已经是世界巅峰了，步履不停是巅峰中的佳作。,2008 
杰克·吉伦哈尔 Jake Gyllenhaal / ..., 美国 加拿大 ,邓肯·琼斯 Duncan Jones,https://img3.doubanio.com/view/photo/s_ratio_poster/public/p988260245.jpg,https://movie.douban.com/subject/3075287/,463217人评价,209,8.4,"源代码, / Source Code, / 启动原始码(台)  /  危机解密(港)", 科幻 悬疑 惊悚,邓肯·琼斯继《月球》之后再度奉献出一部精彩绝伦的科幻佳作。,2011 
笠智众 Chishû Ryû / 原节..., 日本 ,小津安二郎 Yasujirô Ozu,https://img3.doubanio.com/view/photo/s_ratio_poster/public/p1910832390.jpg,https://movie.douban.com/subject/1291568/,61706人评价,210,9.2,"东京物语, / 東京物語, / 东京故事  /  Tokyo Story", 剧情 家庭,东京那么大，如果有一天走失了，恐怕一辈子不能再相见。,1953 
阿诺·施瓦辛格 Arnold Schwarz..., 美国 法国 ,詹姆斯·卡梅隆 James Cameron,https://img3.doubanio.com/view/photo/s_ratio_poster/public/p1910909085.jpg,https://movie.douban.com/subject/1291844/,166635人评价,211,8.6,"终结者2：审判日, / Terminator 2: Judgment Day, / 终结者2  /  终结者2：末日审判", 动作 科幻,少见的超越首部的续集，动作片中的经典。,1991 
, 泰国 ,普特鹏·普罗萨卡·那·萨克那卡林 Puttipong Promsaka Na Sakolnakorn / 华森·波克彭...,https://img3.doubanio.com/view/photo/s_ratio_poster/public/p1505312273.jpg,https://movie.douban.com/subject/4739952/,540754人评价,212,8.3,"初恋这件小事, / สิ่งเล็กเล็กที่เรียกว่า...รัก, / 初恋那件小事(港)  /  暗恋那点小事", 剧情 喜剧 爱情,黑小鸭速效美白记。,2010 
郭涛 Tao Guo / 刘桦 Hua Liu / 连晋 Teddy Lin, 中国大陆 香港 ,宁浩 Hao Ning,https://img3.doubanio.com/view/photo/s_ratio_poster/public/p712241453.jpg,https://movie.douban.com/subject/1862151/,377180人评价,213,8.3,"疯狂的石头, / Crazy Stone", 喜剧 犯罪,中国版《两杆大烟枪》。,2006 
查理·卓别林 Charles Chaplin / 弗吉尼亚·..., 美国 ,Charles Chaplin,https://img3.doubanio.com/view/photo/s_ratio_poster/public/p2170238803.jpg,https://movie.douban.com/subject/1293908/,54534人评价,214,9.2,"城市之光, / City Lights, / City Lights: A Comedy Romance in Pantomime  /  Lichter der Großstadt", 喜剧 剧情 爱情,永远的小人物，伟大的卓别林。,1931 
汤姆·汉克斯 Tom Hanks / 大卫·摩斯 David M..., 美国 ,Frank Darabont,https://img3.doubanio.com/view/photo/s_ratio_poster/public/p767586451.jpg,https://movie.douban.com/subject/1300374/,125043人评价,215,8.7,"绿里奇迹, / The Green Mile, / 绿色奇迹(台)  /  绿色英里", 犯罪 剧情 奇幻 悬疑,天使暂时离开。,1999 
伊桑·霍克 Ethan Hawke ..., 美国 ,理查德·林克莱特 Richard Linklater,https://img1.doubanio.com/view/photo/s_ratio_poster/public/p2074715729.jpg,https://movie.douban.com/subject/10808442/,139523人评价,216,8.8,"爱在午夜降临前, / Before Midnight, / 爱在午夜希腊时(台)  /  情约半生(港)", 剧情 爱情,所谓爱情，就是话唠一路，都不会心生腻烦，彼此嫌弃。,2013 
布拉德·皮特 Brad Pitt / 梅拉尼·罗兰 M..., 美国 德国 ,Quentin Tarantino,https://img3.doubanio.com/view/photo/s_ratio_poster/public/p770734475.jpg,https://movie.douban.com/subject/1438652/,256765人评价,217,8.5,"无耻混蛋, / Inglourious Basterds, / 恶棍特工(台)  /  希魔撞正杀人狂(港)", 剧情 犯罪,昆汀同学越来越变态了，比北野武还杜琪峰。,2009 
吉娜·戴维斯 Geena Davis / 苏..., 美国 法国 ,雷德利·斯科特 Ridley Scott,https://img3.doubanio.com/view/photo/s_ratio_poster/public/p794583044.jpg,https://movie.douban.com/subject/1291992/,121298人评价,218,8.7,"末路狂花, / Thelma & Louise, / 塞尔玛与路易丝  /  末路狂花", 犯罪 剧情 惊悚,没有了退路，只好飞向自由。,1991 
水桥研二 Kenji Mizuhashi / 近藤好美 ..., 日本 ,新海诚 Makoto Shinkai,https://img3.doubanio.com/view/photo/s_ratio_poster/public/p982896012.jpg,https://movie.douban.com/subject/2043546/,355185人评价,219,8.3,"秒速5厘米, / 秒速5センチメートル, / 秒速五厘米  /  秒速5公分", 动画 剧情 爱情,青春就是放弃和怀念。,2007 
大卫·李·史密斯 David ..., 美国 ,理查德·沙因克曼 Richard Schenkman,https://img3.doubanio.com/view/photo/s_ratio_poster/public/p513303986.jpg,https://movie.douban.com/subject/2300586/,212718人评价,220,8.5,"这个男人来自地球, / The Man from Earth, / 地球不死人(港)  /  这个人来自洞穴", 剧情 科幻,科幻真正的魅力不是视觉效果能取代的。 ,2007 
肖恩·康纳利 Sean Connery / 尼古拉..., 美国 ,迈克尔·贝 Michael Bay,https://img3.doubanio.com/view/photo/s_ratio_poster/public/p636048104.jpg,https://movie.douban.com/subject/1292728/,161803人评价,221,8.6,"勇闯夺命岛, / The Rock, / 石破天惊  /  绝地任务", 动作 冒险,类型片的极致。 ,1996 
Henry Thomas / Dee Wallace / Robert MacNa..., 美国 ,Steven Spielberg,https://img3.doubanio.com/view/photo/s_ratio_poster/public/p984732992.jpg,https://movie.douban.com/subject/1294638/,180987人评价,222,8.5,"E.T. 外星人, / E.T.: The Extra-Terrestrial, / 外星人E.T.  /  外星人", 剧情 科幻,生病的E.T.皮肤的颜色就像柿子饼。,1982 
约翰·特拉沃尔塔 John Travolta / 尼古拉斯..., 美国 ,吴宇森 John Woo,https://img3.doubanio.com/view/photo/s_ratio_poster/public/p2173855883.jpg,https://movie.douban.com/subject/1292659/,243483人评价,223,8.4,"变脸, / Face/Off, / 夺面双雄", 动作 科幻 犯罪 惊悚,当发哥的风衣、墨镜出现在了凯奇身上⋯⋯,1997 
让-马克·巴尔 Jean-Marc Barr / 让·雷诺 Jean Re..., 法国 美国 意大利 ,Luc Besson,https://img3.doubanio.com/view/photo/s_ratio_poster/public/p455722535.jpg,https://movie.douban.com/subject/1300960/,115870人评价,224,8.7,"碧海蓝天, / Le grand bleu, / 碧海情深  /  夜海倾情", 剧情 爱情,在那片深蓝中，感受来自大海的忧伤寂寞与美丽自由。,1988 
艾米丽·芭尔多尼 Em..., 美国 英国 ,詹姆斯·沃德·布柯特 James Ward Byrkit,https://img3.doubanio.com/view/photo/s_ratio_poster/public/p2187896711.jpg,https://movie.douban.com/subject/25807345/,223928人评价,225,8.4,"彗星来的那一夜, / Coherence, / 相干性  /  相干效应", 科幻 悬疑 惊悚,小成本大魅力。,2013 
亨弗莱·鲍嘉 Humphrey Bogart / 英格丽·褒曼..., 美国 ,Michael Curtiz,https://img3.doubanio.com/view/photo/s_ratio_poster/public/p1244791866.jpg,https://movie.douban.com/subject/1296753/,142294人评价,226,8.6,"卡萨布兰卡, / Casablanca, / 北非谍影(港)  /  卡萨布兰卡", 剧情 爱情 战争,世界上有那么多女人那么多酒馆，但她偏偏走进我的这家。,1942 
Clint Eastwood / Eli Wallach / Lee Van Cleef, 意大利 西班牙 西德 ,Sergio Leone,https://img1.doubanio.com/view/photo/s_ratio_poster/public/p2101693489.jpg,https://movie.douban.com/subject/1401118/,61035人评价,227,9.1,"黄金三镖客, / Il buono, il brutto, il cattivo., / 好·坏·丑  /  独行侠决斗地狱门(港)", 冒险 西部,最棒的西部片。,1966 
Malcolm McDowell / Patrick Magee / Michael..., 英国 美国 ,Stanley Kubrick,https://img3.doubanio.com/view/photo/s_ratio_poster/public/p529908155.jpg,https://movie.douban.com/subject/1292233/,210215人评价,228,8.5,"发条橙, / A Clockwork Orange, / 发条桔子  /  发条橙子", 犯罪 剧情 科幻,我完全康复了。,1971 
马克·鲁弗洛 Mark Ruffalo /..., 美国 ,托马斯·麦卡锡 Thomas McCarthy,https://img1.doubanio.com/view/photo/s_ratio_poster/public/p2263822658.jpg,https://movie.douban.com/subject/25954475/,150794人评价,229,8.8,"聚焦, / Spotlight, / 焦点追击(港)  /  惊爆焦点(台)", 剧情 传记,新闻人的理性求真。,2015 
莱昂纳多·迪卡普里奥 Leonardo ..., 美国 德国 ,爱德华·兹威克 Edward Zwick,https://img3.doubanio.com/view/photo/s_ratio_poster/public/p1244017073.jpg,https://movie.douban.com/subject/1428175/,159948人评价,230,8.6,"血钻, / Blood Diamond, / 血腥钻石  /  滴血钻石", 剧情 惊悚 冒险,每个美丽事物背后都是滴血的现实。,2006 
凯文·史派西 Kevin Spacey / 安妮特..., 美国 ,萨姆·门德斯 Sam Mendes,https://img3.doubanio.com/view/photo/s_ratio_poster/public/p571671715.jpg,https://movie.douban.com/subject/1292062/,211300人评价,231,8.5,"美国丽人, / American Beauty, / 美丽有罪(港)  /  美国心·玫瑰情(台)", 剧情 爱情 家庭,每个人的内心都是深不可测的大海。 ,1999 
比尔·奈伊 Bill Nighy / 肯尼..., 英国 德国 法国 ,理查德·柯蒂斯 Richard Curtis,https://img3.doubanio.com/view/photo/s_ratio_poster/public/p769608791.jpg,https://movie.douban.com/subject/3007773/,181730人评价,232,8.6,"海盗电台, / The Boat That Rocked, / 出位乐人谷(港)  /  海盗电波", 剧情 喜剧 音乐,生命不止，摇滚不死。,2009 
柯林·菲尔斯 Colin Firth / 杰弗里·..., 英国 澳大利亚 美国 ,汤姆·霍珀 Tom Hooper,https://img1.doubanio.com/view/photo/s_ratio_poster/public/p768879237.jpg,https://movie.douban.com/subject/4023638/,388401人评价,233,8.3,"国王的演讲, / The King's Speech, / 皇上无话儿(港)  /  王者之声：宣战时刻(台)", 剧情 传记 历史,皇上无话儿。,2010 
史蒂芬·鲍德温 Stephen Baldwin /..., 德国 美国 ,布莱恩·辛格 Bryan Singer,https://img3.doubanio.com/view/photo/s_ratio_poster/public/p2537319495.jpg,https://movie.douban.com/subject/1292214/,138299人评价,234,8.6,"非常嫌疑犯, / The Usual Suspects, / 刺激惊爆点(台)  /  普通嫌疑犯", 剧情 犯罪 悬疑 惊悚,我不信仰上帝，但我敬畏上帝。,1995 
埃米尔·赫斯基 Emile Hirsch / 马西娅·..., 美国 ,西恩·潘 Sean Penn,https://img1.doubanio.com/view/photo/s_ratio_poster/public/p465687407.jpg,https://movie.douban.com/subject/1905462/,145537人评价,235,8.6,"荒野生存, / Into the Wild, / 浪荡天涯(港)  /  阿拉斯加之死(台)", 冒险 传记 剧情,出门必备：本草纲目。,2007 
乔什·哈奈特 Josh Hartnett / ..., 美国 ,雷德利·斯科特 Ridley Scott,https://img3.doubanio.com/view/photo/s_ratio_poster/public/p1910900710.jpg,https://movie.douban.com/subject/1291824/,140173人评价,236,8.6,"黑鹰坠落, / Black Hawk Down, / 黑鹰降落  /  黑鹰计划", 动作 历史 战争,还原真实而残酷的战争。,2001 
宋在河 Jae-ho Song / 李顺载 Soon-jae..., 韩国 ,秋昌民 Chang-min Choo,https://img1.doubanio.com/view/photo/s_ratio_poster/public/p1075591188.jpg,https://movie.douban.com/subject/5908478/,70238人评价,237,9.0,"我爱你, / 그대를 사랑합니다, / 爱你  /  爱，是一生相伴(台)", 剧情 爱情,你要相信，这世上真的有爱存在，不管在什么年纪 ,2011 
拉尔夫·费因斯 Ralph Fien..., 美国 英国 ,安东尼·明格拉 Anthony Minghella,https://img3.doubanio.com/view/photo/s_ratio_poster/public/p2408623752.jpg,https://movie.douban.com/subject/1291853/,193245人评价,238,8.5,"英国病人, / The English Patient, / 英伦情人(台)  /  别问我是谁(港)", 爱情 剧情 战争,"In memory, love lives forever...",1996 
伊桑·霍克 Ethan Hawke / 乌玛..., 美国 ,安德鲁·尼科尔 Andrew Niccol,https://img3.doubanio.com/view/photo/s_ratio_poster/public/p2195672555.jpg,https://movie.douban.com/subject/1300117/,106734人评价,239,8.7,"千钧一发, / Gattaca, / 变种异煞  /  自然人", 剧情 科幻 惊悚,一部能引人思考的科幻励志片。,1997 
丁建华 Jianhua Din..., 中国大陆 ,王树忱 Shuchen Wang / 钱运达 Yunda Qian,https://img3.doubanio.com/view/photo/s_ratio_poster/public/p842504080.jpg,https://movie.douban.com/subject/1428581/,60395人评价,240,9.1,"天书奇谭, / The Legend of Sealed Book  /  Secrets of the Heavenly Book", 动画,传奇的年代，醉人的童话。,1983 
杰克·尼科尔森 Jack Nicholson / 摩根..., 美国 ,罗伯·莱纳 Rob Reiner,https://img3.doubanio.com/view/photo/s_ratio_poster/public/p708613284.jpg,https://movie.douban.com/subject/1867345/,155603人评价,241,8.5,"遗愿清单, / The Bucket List, / 玩转身前事(港)  /  一路玩到挂(台)", 冒险 喜剧 剧情,用剩余不多的时间，去燃烧整个生命。,2007 
凯尔·杜拉 Keir Dullea / ..., 英国 美国 ,斯坦利·库布里克 Stanley Kubrick,https://img3.doubanio.com/view/photo/s_ratio_poster/public/p792189453.jpg,https://movie.douban.com/subject/1292226/,114726人评价,242,8.7,"2001太空漫游, / 2001: A Space Odyssey, / 2001：星际漫游  /  2001：太空奥德赛", 科幻 惊悚 冒险,现代科幻电影的开山之作，最伟大导演的最伟大影片。,1968 
汤姆·汉克斯 Tom Hanks / ..., 美国 ,罗伯特·泽米吉斯 Robert Zemeckis,https://img3.doubanio.com/view/photo/s_ratio_poster/public/p2207673534.jpg,https://movie.douban.com/subject/1298653/,158995人评价,243,8.5,"荒岛余生, / Cast Away, / 浩劫重生(台)  /  劫后重生(港)", 冒险 剧情,一个人的独角戏。,2000 
..., 法国 德国 意大利 西班牙 瑞士 ,雅克·贝汉 Jacques Perrin / 雅克·克鲁奥德 Jacques Cluzaud,https://img1.doubanio.com/view/photo/s_ratio_poster/public/p2238274168.jpg,https://movie.douban.com/subject/1292281/,56816人评价,244,9.1,"迁徙的鸟, / Le peuple migrateur, / 鸟的迁徙  /  鸟与梦飞行", 纪录片,最美的飞翔。,2001 
汤姆·哈迪 Tom Hardy / 乔尔·..., 美国 ,加文·欧康诺 Gavin O'Connor,https://img3.doubanio.com/view/photo/s_ratio_poster/public/p1145536386.jpg,https://movie.douban.com/subject/3217169/,97898人评价,245,8.9,"勇士, / Warrior, / 勇者无敌(台)  /  钢铁斗士(港)", 剧情 运动 家庭,热血沸腾，相当完美的娱乐拳击大餐。,2011 
吴镇宇 Francis Ng / 任达华 Simon Yam / ..., 香港 ,杜琪峰 Johnnie To,https://img3.doubanio.com/view/photo/s_ratio_poster/public/p1538646661.jpg,https://movie.douban.com/subject/1300741/,115732人评价,246,8.7,"枪火, / 鎗火, / The Mission", 剧情 动作 犯罪,一群演技精湛的戏骨，奉献出一个精致的黑帮小品，成就杜琪峰群戏的巅峰之作。,1999 
恰拉 Chara / 伊藤步 Ayumi Ito / 三上..., 日本 ,岩井俊二 Shunji Iwai,https://img3.doubanio.com/view/photo/s_ratio_poster/public/p532195562.jpg,https://movie.douban.com/subject/1307793/,116731人评价,247,8.6,"燕尾蝶, / スワロウテイル, / Swallowtail Butterfly  /  Suwarôteiru", 犯罪 剧情,现实与童话交相辉映的旅程。,1996 
詹姆斯·沃克 James Wolk / 特里特·..., 美国 ,彼得·维纳 Peter Werner,https://img1.doubanio.com/view/photo/s_ratio_poster/public/p628364149.jpg,https://movie.douban.com/subject/4798888/,122115人评价,248,8.6,"叫我第一名, / Front of the Class, / 站在教室前  /  讲台前的我", 剧情 传记,乐观比一切都有力量。,2008 
阿努克·斯特芬 Anuk Steffen /..., 德国 瑞士 南非 ,阿兰·葛斯彭纳 Alain Gsponer,https://img3.doubanio.com/view/photo/s_ratio_poster/public/p2332944143.jpg,https://movie.douban.com/subject/25958717/,65836人评价,249,9.0,"海蒂和爷爷, / Heidi, / 飘零燕(港)  /  海蒂", 剧情 冒险 家庭,,2015 
娜奥米·沃茨 Naomi Watts / 劳拉·哈..., 法国 美国 ,大卫·林奇 David Lynch,https://img3.doubanio.com/view/photo/s_ratio_poster/public/p792248233.jpg,https://movie.douban.com/subject/1292217/,264921人评价,250,8.3,"穆赫兰道, / Mulholland Dr., / 穆荷兰大道(台)  /  失忆大道(港)", 剧情 悬疑 惊悚,大卫·林奇的梦境迷宫。,2001 
