rank,title,link,director,actor,image_link,year,country,typ,score,people,words
1,肖申克的救赎,https://movie.douban.com/subject/1292052/,弗兰克・德拉邦特 Frank Darabont,蒂姆・罗宾斯 Tim Robbins /...,https://img3.doubanio.com/view/photo/s_ratio_poster/public/p480747492.jpg,1994,美国,犯罪 剧情,9.6,1229537人评价,希望让人自由。
2,霸王别姬,https://movie.douban.com/subject/1291546/,陈凯歌 Kaige Chen,张国荣 Leslie Cheung / 张丰毅 Fengyi Zha...,https://img3.doubanio.com/view/photo/s_ratio_poster/public/p1910813120.jpg,1993,中国大陆 香港,剧情 爱情 同性,9.6,905093人评价,风华绝代。
3,这个杀手不太冷,https://movie.douban.com/subject/1295644/,吕克・贝松 Luc Besson,让・雷诺 Jean Reno / 娜塔莉・波特曼 ...,https://img3.doubanio.com/view/photo/s_ratio_poster/public/p511118051.jpg,1994,法国,剧情 动作 犯罪,9.4,1130701人评价,怪蜀黍和小萝莉不得不说的故事。
4,阿甘正传,https://movie.douban.com/subject/1292720/,Robert Zemeckis,Tom Hanks / Robin Wright Penn / Gary Sinise,https://img1.doubanio.com/view/photo/s_ratio_poster/public/p510876377.jpg,1994,美国,剧情 爱情,9.4,969496人评价,一部美国近现代史。
5,美丽人生,https://movie.douban.com/subject/1292063/,罗伯托・贝尼尼 Roberto Benigni,罗伯托・贝尼尼 Roberto Beni...,https://img3.doubanio.com/view/photo/s_ratio_poster/public/p510861873.jpg,1997,意大利,剧情 喜剧 爱情 战争,9.5,566483人评价,最美的谎言。
6,泰坦尼克号,https://movie.douban.com/subject/1292722/,詹姆斯・卡梅隆 James Cameron,莱昂纳多・迪卡普里奥 Leonardo...,https://img3.doubanio.com/view/photo/s_ratio_poster/public/p457760035.jpg,1997,美国,剧情 爱情 灾难,9.3,905215人评价,失去的才是永恒的。 
7,千与千寻,https://movie.douban.com/subject/1291561/,宫崎骏 Hayao Miyazaki,艾美 Rumi H?ragi / 入野自由 Miy...,https://img3.doubanio.com/view/photo/s_ratio_poster/public/p1606727862.jpg,2001,日本,剧情 动画 奇幻,9.3,897736人评价,最好的宫崎骏，最好的久石让。 
8,辛德勒的名单,https://movie.douban.com/subject/1295124/,史蒂文・斯皮尔伯格 Steven Spielberg,连姆・尼森 Liam Neeson...,https://img3.doubanio.com/view/photo/s_ratio_poster/public/p492406163.jpg,1993,美国,剧情 历史 战争,9.5,508905人评价,拯救一个人，就是拯救整个世界。
9,盗梦空间,https://movie.douban.com/subject/3541415/,克里斯托弗・诺兰 Christopher Nolan,莱昂纳多・迪卡普里奥 Le...,https://img3.doubanio.com/view/photo/s_ratio_poster/public/p513344864.jpg,2010,美国 英国,剧情 科幻 悬疑 冒险,9.3,984456人评价,诺兰给了我们一场无法盗取的梦。
10,机器人总动员,https://movie.douban.com/subject/2131459/,安德鲁・斯坦顿 Andrew Stanton,本・贝尔特 Ben Burtt / 艾丽...,https://img3.doubanio.com/view/photo/s_ratio_poster/public/p1461851991.jpg,2008,美国,爱情 科幻 动画 冒险,9.3,653386人评价,小瓦力，大人生。
11,忠犬八公的故事,https://movie.douban.com/subject/3011091/,莱塞・霍尔斯道姆 Lasse Hallstr?m,理查・基尔 Richard Ger...,https://img3.doubanio.com/view/photo/s_ratio_poster/public/p524964016.jpg,2009,美国 英国,剧情,9.3,639464人评价,永远都不能忘记你所爱的人。
12,三傻大闹宝莱坞,https://movie.douban.com/subject/3793023/,拉库马・希拉尼 Rajkumar Hirani,阿米尔・汗 Aamir Khan / 卡...,https://img3.doubanio.com/view/photo/s_ratio_poster/public/p579729551.jpg,2009,印度,剧情 喜剧 爱情 歌舞,9.2,881731人评价,英俊版憨豆，高情商版谢耳朵。
13,海上钢琴师,https://movie.douban.com/subject/1292001/,朱塞佩・托纳多雷 Giuseppe Tornatore,蒂姆・罗斯 Tim Roth / ...,https://img1.doubanio.com/view/photo/s_ratio_poster/public/p511146807.jpg,1998,意大利,剧情 音乐,9.2,735184人评价,每个人都要走一条自己坚定了的路，就算是粉身碎骨。 
14,放牛班的春天,https://movie.douban.com/subject/1291549/,克里斯托夫・巴拉蒂 Christophe Barratier,杰拉尔・朱诺 Géra...,https://img3.doubanio.com/view/photo/s_ratio_poster/public/p1910824951.jpg,2004,法国 瑞士 德国,剧情 音乐,9.2,606965人评价,天籁一般的童声，是最接近上帝的存在。 
15,大话西游之大圣娶亲,https://movie.douban.com/subject/1292213/,刘镇伟 Jeffrey Lau,周星驰 Stephen Chow / 吴孟达 Man Tat Ng...,https://img3.doubanio.com/view/photo/s_ratio_poster/public/p2455050536.jpg,1995,香港 中国大陆,喜剧 爱情 奇幻 冒险,9.2,672920人评价,一生所爱。
16,楚门的世界,https://movie.douban.com/subject/1292064/,彼得・威尔 Peter Weir,金・凯瑞 Jim Carrey / 劳拉・琳妮 Lau...,https://img3.doubanio.com/view/photo/s_ratio_poster/public/p479682972.jpg,1998,美国,剧情 科幻,9.2,652695人评价,如果再也不能见到你，祝你早安，午安，晚安。
17,星际穿越,https://movie.douban.com/subject/1889243/,克里斯托弗・诺兰 Christopher Nolan,马修・麦康纳 Matthew Mc...,https://img3.doubanio.com/view/photo/s_ratio_poster/public/p2206088801.jpg,2014,美国 英国 加拿大 冰岛,剧情 科幻 冒险,9.2,666601人评价,爱是一种力量，让我们超越时空感知它的存在。
18,教父,https://movie.douban.com/subject/1291841/,弗朗西斯・福特・科波拉 Francis Ford Coppola,马龙・白兰度 M...,https://img3.doubanio.com/view/photo/s_ratio_poster/public/p2190556185.jpg,1972,美国,剧情 犯罪,9.2,446277人评价,千万不要记恨你的对手，这样会让你失去理智。
19,龙猫,https://movie.douban.com/subject/1291560/,宫崎骏 Hayao Miyazaki,日高法子 Noriko Hidaka / 坂本千夏 Ch...,https://img3.doubanio.com/view/photo/s_ratio_poster/public/p2540924496.jpg,1988,日本,动画 奇幻 冒险,9.1,560002人评价,人人心中都有个龙猫，童年就永远不会消失。
20,熔炉,https://movie.douban.com/subject/5912992/,黄东赫 Dong-hyuk Hwang,孔侑 Yoo Gong / 郑有美 Yu-mi Jeong ...,https://img3.doubanio.com/view/photo/s_ratio_poster/public/p1363250216.jpg,2011,韩国,剧情,9.3,379917人评价,我们一路奋战不是为了改变世界，而是为了不让世界改变我们。
21,无间道,https://movie.douban.com/subject/1307914/,刘伟强 / 麦兆辉,刘德华 / 梁朝伟 / 黄秋生,https://img3.doubanio.com/view/photo/s_ratio_poster/public/p2233971046.jpg,2002,香港,剧情 犯罪 悬疑,9.1,551681人评价,香港电影史上永不过时的杰作。
22,当幸福来敲门,https://movie.douban.com/subject/1849031/,加布里尔・穆奇诺 Gabriele Muccino,威尔・史密斯 Will Smith ...,https://img3.doubanio.com/view/photo/s_ratio_poster/public/p1312700744.jpg,2006,美国,剧情 传记 家庭,9.0,712859人评价,平民励志片。 
23,触不可及,https://movie.douban.com/subject/6786002/,奥利维・那卡什 Olivier Nakache / 艾力克・托兰达 Eric Toledano,.,https://img3.doubanio.com/view/photo/s_ratio_poster/public/p1454261925.jpg,2011,法国,剧情 喜剧,9.2,473482人评价,满满温情的高雅喜剧。
24,怦然心动,https://movie.douban.com/subject/3319755/,罗伯・莱纳 Rob Reiner,玛德琳・卡罗尔 Madeline Carroll / 卡...,https://img3.doubanio.com/view/photo/s_ratio_poster/public/p663036666.jpg,2010,美国,剧情 喜剧 爱情,9.0,769147人评价,真正的幸福是来自内心深处。
25,疯狂动物城,https://movie.douban.com/subject/25662329/,拜伦・霍华德 Byron Howard / 瑞奇・摩尔 Rich Moore,金妮弗・...,https://img1.doubanio.com/view/photo/s_ratio_poster/public/p2315672647.jpg,2016,美国,喜剧 动画 冒险,9.2,733685人评价,迪士尼给我们营造的乌托邦就是这样，永远善良勇敢，永远出乎意料。
26,乱世佳人,https://movie.douban.com/subject/1300267/,维克多・弗莱明 Victor Fleming / 乔治・库克 George Cukor,费...,https://img3.doubanio.com/view/photo/s_ratio_poster/public/p1963126880.jpg,1939,美国,剧情 历史 爱情 战争,9.2,337979人评价,Tomorrow is another day.
27,蝙蝠侠：黑暗骑士,https://movie.douban.com/subject/1851857/,克里斯托弗・诺兰 Christopher Nolan,克里斯蒂安・贝尔 Christ...,https://img3.doubanio.com/view/photo/s_ratio_poster/public/p462657443.jpg,2008,美国 英国,剧情 动作 科幻 犯罪 惊悚,9.1,442973人评价,无尽的黑暗。
28,活着,https://movie.douban.com/subject/1292365/,张艺谋 Yimou Zhang,葛优 You Ge / 巩俐 Li Gong / 姜武 Wu Jiang,https://img3.doubanio.com/view/photo/s_ratio_poster/public/p2513253791.jpg,1994,中国大陆 香港,剧情 历史 家庭,9.1,365977人评价,张艺谋最好的电影。
29,天堂电影院,https://movie.douban.com/subject/1291828/,朱塞佩・托纳多雷 Giuseppe Tornatore,安东娜拉・塔莉 Antonel...,https://img3.doubanio.com/view/photo/s_ratio_poster/public/p1910901025.jpg,1988,意大利 法国,剧情 爱情,9.1,370285人评价,那些吻戏，那些青春，都在影院的黑暗里被泪水冲刷得无比清晰。
30,少年派的奇幻漂流,https://movie.douban.com/subject/1929463/,李安 Ang Lee,苏拉・沙玛 Suraj Sharma / 伊尔凡・可汗 Irrfan...,https://img3.doubanio.com/view/photo/s_ratio_poster/public/p1784592701.jpg,2012,美国 台湾 英国 加拿大,剧情 奇幻 冒险,9.0,729328人评价,瑰丽壮观、无人能及的冒险之旅。
31,十二怒汉,https://movie.douban.com/subject/1293182/,Sidney Lumet,亨利・方达 Henry Fonda / 马丁・鲍尔萨姆 Marti...,https://img3.doubanio.com/view/photo/s_ratio_poster/public/p2173577632.jpg,1957,美国,剧情,9.4,217455人评价,1957年的理想主义。 
32,鬼子来了,https://movie.douban.com/subject/1291858/,姜文 Wen Jiang,姜文 Wen Jiang / 香川照之 Teruyuki Kagawa /...,https://img3.doubanio.com/view/photo/s_ratio_poster/public/p1181775734.jpg,2000,中国大陆,剧情 历史 战争,9.2,302614人评价,对敌人的仁慈，就是对自己残忍。
33,指环王3：王者无敌,https://movie.douban.com/subject/1291552/,彼得・杰克逊 Peter Jackson,维果・莫腾森 Viggo Mortensen / ...,https://img3.doubanio.com/view/photo/s_ratio_poster/public/p1910825503.jpg,2003,美国 新西兰,剧情 动作 奇幻 冒险,9.1,362294人评价,史诗的终章。
34,控方证人,https://movie.douban.com/subject/1296141/,比利・怀尔德 Billy Wilder,查尔斯・劳顿 Charles Laughton / ...,https://img1.doubanio.com/view/photo/s_ratio_poster/public/p1505392928.jpg,1957,美国,剧情 犯罪 悬疑,9.6,148133人评价,比利・怀德满分作品。
35,天空之城,https://movie.douban.com/subject/1291583/,宫崎骏 Hayao Miyazaki,田中真弓 Mayumi Tanaka / 横泽启子 Ke...,https://img1.doubanio.com/view/photo/s_ratio_poster/public/p1446261379.jpg,1986,日本,动画 奇幻 冒险,9.0,421658人评价,对天空的追逐，永不停止。 
36,搏击俱乐部,https://movie.douban.com/subject/1292000/,大卫・芬奇 David Fincher,爱德华・诺顿 Edward Norton / 布拉...,https://img1.doubanio.com/view/photo/s_ratio_poster/public/p1910926158.jpg,1999,美国 德国,剧情 动作 悬疑 惊悚,9.0,476960人评价,邪恶与平庸蛰伏于同一个母体，在特定的时间互相对峙。
37,飞屋环游记,https://movie.douban.com/subject/2129039/,彼特・道格特 Pete Docter / 鲍勃・彼德森 Bob Peterson,爱德...,https://img3.doubanio.com/view/photo/s_ratio_poster/public/p2364094053.jpg,2009,美国,剧情 喜剧 动画 冒险,8.9,643635人评价,最后那些最无聊的事情，才是最值得怀念的。 
38,大话西游之月光宝盒,https://movie.douban.com/subject/1299398/,刘镇伟 Jeffrey Lau,周星驰 Stephen Chow / 吴孟达 Man Tat Ng...,https://img3.doubanio.com/view/photo/s_ratio_poster/public/p1280323646.jpg,1995,香港 中国大陆,喜剧 爱情 奇幻 冒险,8.9,542114人评价,旷古烁今。
39,罗马假日,https://movie.douban.com/subject/1293839/,威廉・惠勒 William Wyler,奥黛丽・赫本 Audrey Hepburn / 格...,https://img3.doubanio.com/view/photo/s_ratio_poster/public/p2189265085.jpg,1953,美国,喜剧 剧情 爱情,9.0,487018人评价,爱情哪怕只有一天。
40,摔跤吧！爸爸,https://movie.douban.com/subject/26387939/,涅提・蒂瓦里 Nitesh Tiwari,阿米尔・汗 Aamir Khan / 法缇玛...,https://img3.doubanio.com/view/photo/s_ratio_poster/public/p2457983084.jpg,2016,印度,剧情 传记 运动 家庭,9.1,658017人评价,你不是在为你一个人战斗，你要让千千万万的女性看到女生并不是只能相夫教子。
41,窃听风暴,https://movie.douban.com/subject/1900841/,弗洛里安・亨克尔・冯・多纳斯马 Florian Henckel von Donnersmarck,,https://img1.doubanio.com/view/photo/s_ratio_poster/public/p1808872109.jpg,2006,德国,剧情 悬疑,9.1,288530人评价,别样人生。
42,哈尔的移动城堡,https://movie.douban.com/subject/1308807/,宫崎骏 Hayao Miyazaki,倍赏千惠子 Chieko Baish? / 木村拓...,https://img3.doubanio.com/view/photo/s_ratio_poster/public/p2174346180.jpg,2004,日本,动画 奇幻 冒险,8.9,457931人评价,带着心爱的人在天空飞翔。
43,辩护人,https://movie.douban.com/subject/21937445/,杨宇硕 Woo-seok Yang,宋康昊 Kang-ho Song / 吴达洙 Dal-su O...,https://img3.doubanio.com/view/photo/s_ratio_poster/public/p2158166535.jpg,2013,韩国,剧情,9.2,286397人评价,电影的现实意义大过电影本身。
44,闻香识女人,https://movie.douban.com/subject/1298624/,马丁・布莱斯 Martin Brest,阿尔・帕西诺 Al Pacino / 克里斯...,https://img1.doubanio.com/view/photo/s_ratio_poster/public/p925123037.jpg,1992,美国,剧情,9.0,413459人评价,史上最美的探戈。
45,两杆大烟枪,https://movie.douban.com/subject/1293350/,Guy Ritchie,Jason Flemyng / Dexter Fletcher / Nick Moran,https://img1.doubanio.com/view/photo/s_ratio_poster/public/p792443418.jpg,1998,英国,剧情 喜剧 犯罪,9.1,326712人评价,4个臭皮匠顶个诸葛亮，盖・里奇果然不是盖的。
46,飞越疯人院,https://movie.douban.com/subject/1292224/,米洛斯・福尔曼 Milo? Forman,杰克・尼科尔森 Jack Nichols...,https://img1.doubanio.com/view/photo/s_ratio_poster/public/p792238287.jpg,1975,美国,剧情,9.0,331104人评价,自由万岁。
47,死亡诗社,https://movie.douban.com/subject/1291548/,彼得・威尔 Peter Weir,罗宾・威廉姆斯 Robin Williams / 罗伯...,https://img3.doubanio.com/view/photo/s_ratio_poster/public/p1910824340.jpg,1989,美国,剧情,9.0,354332人评价,当一个死水般的体制内出现一个活跃的变数时，所有的腐臭都站在了光明的对面。
48,V字仇杀队,https://movie.douban.com/subject/1309046/,詹姆斯・麦克特格 James McTeigue,娜塔莉・波特曼 Natalie Por...,https://img3.doubanio.com/view/photo/s_ratio_poster/public/p1465235231.jpg,2005,美国 英国 德国,剧情 动作 科幻 惊悚,8.8,536523人评价,一张面具背后的理想与革命。
49,海豚湾,https://movie.douban.com/subject/3442220/,Louie Psihoyos,John Chisholm / Mandy-Rae Cruikshank / Char...,https://img3.doubanio.com/view/photo/s_ratio_poster/public/p455222172.jpg,2009,美国,纪录片,9.3,217793人评价,海豚的微笑，是世界上最高明的伪装。
50,教父2,https://movie.douban.com/subject/1299131/,弗朗西斯・福特・科波拉 Francis Ford Coppola,阿尔・帕西诺 A...,https://img1.doubanio.com/view/photo/s_ratio_poster/public/p2194138787.jpg,1974,美国,剧情 犯罪,9.1,241411人评价,优雅的孤独。
51,指环王2：双塔奇兵,https://movie.douban.com/subject/1291572/,彼得・杰克逊 Peter Jackson,伊利亚・伍德 Elijah Wood / 西恩...,https://img3.doubanio.com/view/photo/s_ratio_poster/public/p909265336.jpg,2002,美国 新西兰,剧情 动作 奇幻 冒险,9.0,339828人评价,承前启后的史诗篇章。
52,指环王1：魔戒再现,https://movie.douban.com/subject/1291571/,彼得・杰克逊 Peter Jackson,伊利亚・伍德 Elijah Wood / 西恩...,https://img3.doubanio.com/view/photo/s_ratio_poster/public/p1354436051.jpg,2001,新西兰 美国,剧情 动作 奇幻 冒险,8.9,380480人评价,传说的开始。
53,美丽心灵,https://movie.douban.com/subject/1306029/,朗・霍华德 Ron Howard,罗素・克劳 Russell Crowe / 艾德・哈...,https://img3.doubanio.com/view/photo/s_ratio_poster/public/p1665997400.jpg,2001,美国,传记 剧情,8.9,377648人评价,爱是一切逻辑和原由。
54,饮食男女,https://movie.douban.com/subject/1291818/,李安 Ang Lee,郎雄 Sihung Lung / 杨贵媚 Kuei-Mei Yang / 吴...,https://img3.doubanio.com/view/photo/s_ratio_poster/public/p1910899751.jpg,1994,台湾 美国,剧情 家庭,9.1,261525人评价,人生不能像做菜，把所有的料都准备好了才下锅。
55,情书,https://movie.douban.com/subject/1292220/,岩井俊二 Shunji Iwai,中山美穗 Miho Nakayama / 丰川悦司 Ets...,https://img1.doubanio.com/view/photo/s_ratio_poster/public/p449897379.jpg,1995,日本,剧情 爱情,8.8,467455人评价,暗恋的极致。
56,素媛,https://movie.douban.com/subject/21937452/,李F益 Jun-ik Lee,薛景求 Kyung-gu Sol / 严志媛 Ji-won Uhm ...,https://img3.doubanio.com/view/photo/s_ratio_poster/public/p2118532944.jpg,2013,韩国,剧情,9.1,247846人评价,受过伤害的人总是笑得最开心，因为他们不愿意让身边的人承受一样的痛苦。
57,狮子王,https://movie.douban.com/subject/1301753/,Roger Allers / 罗伯・明可夫 Rob Minkoff,乔纳森・泰勒・托马...,https://img1.doubanio.com/view/photo/s_ratio_poster/public/p726659067.jpg,1994,美国,剧情 动画 冒险 歌舞 家庭,8.9,358844人评价,动物版《哈姆雷特》。
58,钢琴家,https://movie.douban.com/subject/1296736/,罗曼・波兰斯基 Roman Polanski,艾德里安・布洛迪 Adrien Brod...,https://img3.doubanio.com/view/photo/s_ratio_poster/public/p792484461.jpg,2002,法国 德国 英国 波兰,剧情 传记 历史 战争 音乐,9.1,249304人评价,音乐能化解仇恨。
59,末代皇帝,https://movie.douban.com/subject/1293172/,贝纳尔多・贝托鲁奇 Bernardo Bertolucci,尊龙 John Lone / 陈...,https://img3.doubanio.com/view/photo/s_ratio_poster/public/p452089833.jpg,1987,英国 意大利 中国大陆 法国 美国,剧情 传记 历史,9.1,253130人评价,“不要跟我比惨，我比你更惨”再适合这部电影不过了。
60,美国往事,https://movie.douban.com/subject/1292262/,赛尔乔・莱翁内 Sergio Leone,罗伯特・德尼罗 Robert De Niro ...,https://img1.doubanio.com/view/photo/s_ratio_poster/public/p477229647.jpg,1984,意大利 美国,犯罪 剧情,9.1,214526人评价,往事如烟，无处祭奠。
61,小鞋子,https://movie.douban.com/subject/1303021/,马基德・马基迪 Majid Majidi,Amir Farrokh Hashemian / 默罕...,https://img3.doubanio.com/view/photo/s_ratio_poster/public/p2165511465.jpg,1997,伊朗,剧情 家庭 儿童,9.2,180771人评价,奔跑的孩子是天使。
62,七宗罪,https://movie.douban.com/subject/1292223/,大卫・芬奇 David Fincher,摩根・弗里曼 Morgan Freeman / 布...,https://img3.doubanio.com/view/photo/s_ratio_poster/public/p457631605.jpg,1995,美国,剧情 犯罪 悬疑 惊悚,8.8,519861人评价,警察抓小偷，老鼠玩死猫。
63,被嫌弃的松子的一生,https://movie.douban.com/subject/1787291/,中岛哲也 Tetsuya Nakashima,中谷美纪 Miki Nakatani / 瑛太 E...,https://img1.doubanio.com/view/photo/s_ratio_poster/public/p453723669.jpg,2006,日本,剧情 歌舞,8.9,375314人评价,以戏谑来戏谑戏谑。
64,本杰明・巴顿奇事,https://movie.douban.com/subject/1485260/,大卫・芬奇 David Fincher,凯特・布兰切特 Cate Blanchett / ...,https://img3.doubanio.com/view/photo/s_ratio_poster/public/p2192535722.jpg,2008,美国,剧情 爱情 奇幻,8.8,485023人评价,在时间之河里感受溺水之苦。
65,致命魔术,https://movie.douban.com/subject/1780330/,克里斯托弗・诺兰 Christopher Nolan,休・杰克曼 Hugh Jackman...,https://img3.doubanio.com/view/photo/s_ratio_poster/public/p480383375.jpg,2006,美国 英国,剧情 悬疑 惊悚,8.8,425044人评价,孪生蝙蝠侠大战克隆金刚狼。
66,西西里的美丽传说,https://movie.douban.com/subject/1292402/,朱塞佩・托纳多雷 Giuseppe Tornatore,莫妮卡・贝鲁奇 Monica ...,https://img3.doubanio.com/view/photo/s_ratio_poster/public/p792400696.jpg,2000,意大利 美国,剧情 战争 情色,8.8,452298人评价,美丽无罪。
67,黑客帝国,https://movie.douban.com/subject/1291843/,安迪・沃卓斯基 Andy Wachowski / 拉娜・沃卓斯基 Lana Wachowski,.,https://img1.doubanio.com/view/photo/s_ratio_poster/public/p451926968.jpg,1999,美国 澳大利亚,动作 科幻,8.9,357706人评价,视觉革命。
68,让子弹飞,https://movie.douban.com/subject/3742360/,姜文 Wen Jiang,姜文 Wen Jiang / 葛优 You Ge / 周润发 Yun-F...,https://img1.doubanio.com/view/photo/s_ratio_poster/public/p1512562287.jpg,2010,中国大陆 香港,剧情 喜剧 动作 西部,8.7,791624人评价,你给我翻译翻译，神马叫做TMD的惊喜。
69,拯救大兵瑞恩,https://movie.douban.com/subject/1292849/,史蒂文・斯皮尔伯格 Steven Spielberg,汤姆・汉克斯 Tom Hanks...,https://img3.doubanio.com/view/photo/s_ratio_poster/public/p1014542496.jpg,1998,美国,剧情 历史 战争,8.9,305847人评价,美利坚精神输出大片No1.
70,看不见的客人,https://movie.douban.com/subject/26580232/,奥里奥尔・保罗 Oriol Paulo,马里奥・卡萨斯 Mario Casas / 阿...,https://img3.doubanio.com/view/photo/s_ratio_poster/public/p2498971355.jpg,2016,西班牙,剧情 犯罪 悬疑 惊悚,8.7,482658人评价,你以为你以为的就是你以为的。
71,天使爱美丽,https://movie.douban.com/subject/1292215/,让-皮埃尔・热内 Jean-Pierre Jeunet,奥黛丽・塔图 Audrey Tau...,https://img3.doubanio.com/view/photo/s_ratio_poster/public/p803896904.jpg,2001,法国 德国,喜剧 爱情,8.7,578173人评价,法式小清新。 
72,音乐之声,https://movie.douban.com/subject/1294408/,Robert Wise,朱丽・安德鲁斯 Julie Andrews / 克里斯托弗・普...,https://img1.doubanio.com/view/photo/s_ratio_poster/public/p453788577.jpg,1965,美国,剧情 传记 爱情 歌舞,8.9,284925人评价,用音乐化解仇恨，让歌声串起美好。
73,低俗小说,https://movie.douban.com/subject/1291832/,昆汀・塔伦蒂诺 Quentin Tarantino,约翰・特拉沃尔塔 John Tra...,https://img3.doubanio.com/view/photo/s_ratio_poster/public/p1910902213.jpg,1994,美国,剧情 喜剧 犯罪,8.8,417134人评价,故事的高级讲法。
74,勇敢的心,https://movie.douban.com/subject/1294639/,梅尔・吉布森 Mel Gibson,梅尔・吉布森 Mel Gibson / 苏菲・玛...,https://img3.doubanio.com/view/photo/s_ratio_poster/public/p1374546770.jpg,1995,美国,动作 传记 剧情 历史 战争,8.8,346654人评价,史诗大片的典范。
75,大闹天宫,https://movie.douban.com/subject/1418019/,万籁鸣 Laiming Wan / 唐澄 Cheng  Tang,邱岳峰 Yuefeng Qiu /...,https://img1.doubanio.com/view/photo/s_ratio_poster/public/p2184505167.jpg,1961(中国大陆),1964(中国大陆),1978(中国大陆),9.3,140163人评价,经典之作，历久弥新。
76,剪刀手爱德华,https://movie.douban.com/subject/1292370/,Tim Burton,约翰尼・德普 Johnny Depp / 薇诺娜・瑞德 Winona ...,https://img1.doubanio.com/view/photo/s_ratio_poster/public/p480956937.jpg,1990,美国,剧情 奇幻 爱情,8.7,588286人评价,浪漫忧郁的成人童话。
77,沉默的羔羊,https://movie.douban.com/subject/1293544/,乔纳森・戴米 Jonathan Demme,朱迪・福斯特 Jodie Foster / 安...,https://img1.doubanio.com/view/photo/s_ratio_poster/public/p1593414327.jpg,1991,美国,剧情 犯罪 惊悚,8.8,425575人评价,安东尼・霍普金斯的顶级表演。
78,哈利・波特与魔法石,https://movie.douban.com/subject/1295038/,Chris Columbus,Daniel Radcliffe / Emma Watson / Rupert Grint,https://img3.doubanio.com/view/photo/s_ratio_poster/public/p804947166.jpg,2001,美国 英国,奇幻 冒险,8.8,360415人评价,童话世界的开端。
79,蝴蝶效应,https://movie.douban.com/subject/1292343/,埃里克・布雷斯 Eric Bress / J・麦基・格鲁伯 J. Mackye Gruber,.,https://img1.doubanio.com/view/photo/s_ratio_poster/public/p2209066019.jpg,2004,美国 加拿大,剧情 悬疑 科幻 惊悚,8.7,467568人评价,人的命运被自己瞬间的抉择改变。
80,春光乍泄,https://movie.douban.com/subject/1292679/,王家卫 Kar Wai Wong,张国荣 Leslie Cheung / 梁朝伟 Tony Leu...,https://img3.doubanio.com/view/photo/s_ratio_poster/public/p465939041.jpg,1997,香港 日本 韩国,剧情 爱情 同性,8.8,308092人评价,爱情纠缠，男女一致。
81,心灵捕手,https://movie.douban.com/subject/1292656/,格斯・范・桑特 Gus Van Sant,马特・达蒙 Matt Damon / 罗宾・...,https://img3.doubanio.com/view/photo/s_ratio_poster/public/p480965695.jpg,1997,美国,剧情,8.8,339770人评价,人生中应该拥有这样的一段豁然开朗。
82,入殓师,https://movie.douban.com/subject/2149806/,泷田洋二郎 Y?jir? Takita,本木雅弘 Masahiro Motoki / ...,https://img1.doubanio.com/view/photo/s_ratio_poster/public/p594972928.jpg,2008,日本,剧情,8.8,364703人评价,死可能是一道门，逝去并不是终结，而是超越，走向下一程。
83,猫鼠游戏,https://movie.douban.com/subject/1305487/,史蒂文・斯皮尔伯格 Steven Spielberg,莱昂纳多・迪卡普里奥 L...,https://img3.doubanio.com/view/photo/s_ratio_poster/public/p453924541.jpg,2002,美国 加拿大,传记 犯罪 剧情,8.8,308595人评价,骗子大师和执著警探的你追我跑故事。 
84,布达佩斯大饭店,https://movie.douban.com/subject/11525673/,韦斯・安德森 Wes Anderson,拉尔夫・费因斯 Ralph Fiennes / ...,https://img3.doubanio.com/view/photo/s_ratio_poster/public/p2178872593.jpg,2014,美国 德国 英国,剧情 喜剧 冒险,8.8,409249人评价,小清新的故事里注入了大历史的情怀。
85,禁闭岛,https://movie.douban.com/subject/2334904/,Martin Scorsese,莱昂纳多・迪卡普里奥 Leonardo DiCaprio / ...,https://img1.doubanio.com/view/photo/s_ratio_poster/public/p1832875827.jpg,2010,美国,剧情 悬疑 惊悚,8.7,449264人评价,昔日翩翩少年，今日大腹便便。
86,玛丽和马克思,https://movie.douban.com/subject/3072124/,亚当・艾略特 Adam Elliot,托妮・科莱特 Toni Collette / 菲利...,https://img1.doubanio.com/view/photo/s_ratio_poster/public/p1820615077.jpg,2009,澳大利亚,剧情 动画,8.9,264400人评价,你是我最好的朋友，你是我唯一的朋友 。
87,阳光灿烂的日子,https://movie.douban.com/subject/1291875/,姜文 Wen Jiang,夏雨 Yu Xia / 宁静 Jing Ning / 陶虹 Hong Tao,https://img1.doubanio.com/view/photo/s_ratio_poster/public/p967457079.jpg,1994,中国大陆 香港,剧情,8.8,332426人评价,一场华丽的意淫。
88,幽灵公主,https://movie.douban.com/subject/1297359/,宫崎骏 Hayao Miyazaki,松田洋治 Y?ji Matsuda / 石田百合...,https://img3.doubanio.com/view/photo/s_ratio_poster/public/p1613191025.jpg,1997,日本,动画 奇幻 冒险,8.8,284903人评价,人与自然的战争史诗。
89,第六感,https://movie.douban.com/subject/1297630/,M・奈特・沙马兰 M. Night Shyamalan,布鲁斯・威利斯 Bruce Wi...,https://img3.doubanio.com/view/photo/s_ratio_poster/public/p2220184425.jpg,1999,美国,剧情 悬疑 惊悚,8.8,284205人评价,深入内心的恐怖，出人意料的结局。
90,重庆森林,https://movie.douban.com/subject/1291999/,王家卫 Kar Wai Wong,林青霞 Brigitte Lin / 金城武 Takeshi K...,https://img3.doubanio.com/view/photo/s_ratio_poster/public/p792381411.jpg,1994,香港,剧情 爱情,8.7,405271人评价,寂寞没有期限。
91,狩猎,https://movie.douban.com/subject/6985810/,托马斯・温特伯格 Thomas Vinterberg,麦斯・米科尔森 Mads Mik...,https://img1.doubanio.com/view/photo/s_ratio_poster/public/p1546987967.jpg,2012,丹麦 瑞典,剧情,9.1,168071人评价,人言可畏。
92,穿条纹睡衣的男孩,https://movie.douban.com/subject/3008247/,马克・赫门 Mark Herman,阿沙・巴特菲尔德 Asa Butterfield / ...,https://img3.doubanio.com/view/photo/s_ratio_poster/public/p1473670352.jpg,2008,英国 美国,剧情 战争,9.0,198333人评价,尽管有些不切实际的幻想，这部电影依旧是一部感人肺腑的佳作。
93,致命ID,https://movie.douban.com/subject/1297192/,James Mangold,John Cusack / Ray Liotta / Amanda Peet,https://img3.doubanio.com/view/photo/s_ratio_poster/public/p453720880.jpg,2003,美国,剧情 悬疑 惊悚,8.7,391149人评价,最不可能的那个人永远是最可能的。
94,断背山,https://movie.douban.com/subject/1418834/,李安 Ang Lee,希斯・莱杰 Heath Ledger / 杰克・吉伦哈尔 Jake...,https://img1.doubanio.com/view/photo/s_ratio_poster/public/p513535588.jpg,2005,美国 加拿大,剧情 爱情 同性 家庭,8.7,389078人评价,每个人心中都有一座断背山。
95,加勒比海盗,https://movie.douban.com/subject/1298070/,戈尔・维宾斯基 Gore Verbinski,约翰尼・德普 Johnny Depp / ...,https://img3.doubanio.com/view/photo/s_ratio_poster/public/p1596085504.jpg,2003,美国,动作 冒险 奇幻,8.6,433266人评价,约翰尼・德普的独角戏。
96,阿凡达,https://movie.douban.com/subject/1652587/,詹姆斯・卡梅隆 James Cameron,萨姆・沃辛顿 Sam Worthington ...,https://img1.doubanio.com/view/photo/s_ratio_poster/public/p2180085848.jpg,2009,美国 英国,动作 战争 科幻 冒险,8.6,649044人评价,绝对意义上的美轮美奂。
97,摩登时代,https://movie.douban.com/subject/1294371/,查理・卓别林 Charles Chaplin,查理・卓别林 Charles Chaplin ...,https://img3.doubanio.com/view/photo/s_ratio_poster/public/p2173707976.jpg,1936,美国,喜剧 剧情 爱情,9.2,117685人评价,大时代中的人生，小人物的悲喜。
98,大鱼,https://movie.douban.com/subject/1291545/,蒂姆・波顿 Tim Burton,伊万・麦克格雷格 Ewan McGregor / 阿...,https://img3.doubanio.com/view/photo/s_ratio_poster/public/p692813374.jpg,2003,美国,剧情 家庭 奇幻 冒险,8.7,303570人评价,抱着梦想而活着的人是幸福的，怀抱梦想而死去的人是不朽的。
99,告白,https://movie.douban.com/subject/4268598/,中岛哲也 Tetsuya Nakashima,松隆子 Takako Matsu / 冈田将生 ...,https://img3.doubanio.com/view/photo/s_ratio_poster/public/p689520756.jpg,2010,日本,剧情 惊悚,8.7,411110人评价,没有一人完全善，也没有一人完全恶。
100,一一,https://movie.douban.com/subject/1292434/,杨德昌 Edward Yang,吴念真 / 李凯莉 Kelly Lee / 金燕玲 Elai...,https://img1.doubanio.com/view/photo/s_ratio_poster/public/p2119675128.jpg,2000,台湾 日本,剧情 爱情 家庭,9.0,185457人评价,我们都曾经是一一。
101,射雕英雄传之东成西就,https://movie.douban.com/subject/1316510/,刘镇伟 Jeffrey Lau,梁朝伟 Tony Leung Chiu Wai / 林青霞 Bri...,https://img3.doubanio.com/view/photo/s_ratio_poster/public/p1993903133.jpg,1993,香港,喜剧 古装,8.7,331129人评价,百看不厌。 
102,甜蜜蜜,https://movie.douban.com/subject/1305164/,陈可辛 Peter Chan,黎明 Leon Lai / 张曼玉 Maggie Cheung / ...,https://img3.doubanio.com/view/photo/s_ratio_poster/public/p1962839732.jpg,1996,香港,剧情 爱情,8.8,271983人评价,相逢只要一瞬间，等待却像是一辈子。
103,阳光姐妹淘,https://movie.douban.com/subject/4917726/,姜炯哲 Hyeong-Cheol Kang,沈恩京 Eun-kyung Shim / 闵孝琳 Hy...,https://img1.doubanio.com/view/photo/s_ratio_poster/public/p1374786017.jpg,2011,韩国,剧情 喜剧,8.8,326273人评价,再多各自牛逼的时光，也比不上一起傻逼的岁月。 
104,消失的爱人,https://movie.douban.com/subject/21318488/,大卫・芬奇 David Fincher,本・阿弗莱克 Ben Affleck / 罗莎蒙...,https://img3.doubanio.com/view/photo/s_ratio_poster/public/p2221768894.jpg,2014,美国,剧情 犯罪 悬疑 惊悚,8.7,441931人评价,年度最佳date movie。
105,爱在黎明破晓前,https://movie.douban.com/subject/1296339/,理查德・林克莱特 Richard Linklater,伊桑・霍克 Ethan Hawke ...,https://img3.doubanio.com/view/photo/s_ratio_poster/public/p452582315.jpg,1995,美国 奥地利 瑞士,剧情 爱情,8.7,272018人评价,缘分是个连绵词，最美不过一瞬。
106,上帝之城,https://movie.douban.com/subject/1292208/,Kátia Lund / Fernando Meirelles,Alexandre Rodrigues / Lea...,https://img3.doubanio.com/view/photo/s_ratio_poster/public/p455677490.jpg,2002,巴西 法国,犯罪 剧情,8.9,180487人评价,被上帝抛弃了的上帝之城。
107,寻梦环游记,https://movie.douban.com/subject/20495023/,李・昂克里奇 Lee Unkrich / 阿德里安・莫利纳 Adrian Molina,...,https://img1.doubanio.com/view/photo/s_ratio_poster/public/p2503997609.jpg,2017,美国,喜剧 动画 奇幻 音乐,9.0,611883人评价,死亡不是真的逝去，遗忘才是永恒的消亡。
108,喜剧之王,https://movie.douban.com/subject/1302425/,周星驰 Stephen Chow / 李力持 Lik-Chi Lee,周星驰 Stephen Ch...,https://img3.doubanio.com/view/photo/s_ratio_poster/public/p1043597424.jpg,1999,香港,喜剧 剧情 爱情,8.6,402669人评价,我是一个演员。
109,小森林 夏秋篇,https://movie.douban.com/subject/25814705/,森淳一 Junichi Mori,桥本爱 Ai Hashimoto / 三浦贵大 Takahir...,https://img3.doubanio.com/view/photo/s_ratio_poster/public/p2221319641.jpg,2014,日本,剧情,8.9,178869人评价,那些静得只能听见呼吸的日子里，你明白孤独即生活。
110,侧耳倾听,https://movie.douban.com/subject/1297052/,近藤喜文 Yoshifumi Kondo,本名阳子 Youko Honna / 小林桂树 K...,https://img3.doubanio.com/view/photo/s_ratio_poster/public/p456692072.jpg,1995,日本,剧情 爱情 动画,8.8,211450人评价,少女情怀总是诗。
111,倩女幽魂,https://movie.douban.com/subject/1297447/,程小东 Siu-Tung Ching,张国荣 Leslie Cheung / 王祖贤 Joey W...,https://img3.doubanio.com/view/photo/s_ratio_poster/public/p2414157745.jpg,1987,香港,剧情 爱情 武侠 古装,8.6,327016人评价,两张绝世的脸。 
112,恐怖直播,https://movie.douban.com/subject/21360417/,金秉v Byeong-woo Kim,河正宇 Jung-woo Ha / 李Z荣 Kyeong-y...,https://img3.doubanio.com/view/photo/s_ratio_poster/public/p2016930906.jpg,2013,韩国,剧情 犯罪 悬疑,8.7,287517人评价,恐怖分子的“秋菊打官司”。
113,风之谷,https://movie.douban.com/subject/1291585/,宫崎骏 Hayao Miyazaki,岛本须美 Sumi Shimamoto / 松田洋治 Y...,https://img3.doubanio.com/view/photo/s_ratio_poster/public/p1917567652.jpg,1984,日本,动画 奇幻 冒险,8.8,211017人评价,动画片的圣经。
114,超脱,https://movie.douban.com/subject/5322596/,托尼・凯耶 Tony Kaye,艾德里安・布洛迪 Adrien Brody / 马西...,https://img3.doubanio.com/view/photo/s_ratio_poster/public/p1305562621.jpg,2011,美国,剧情,8.8,216890人评价,穷尽一生，我们要学会的，不过是彼此拥抱。
115,爱在日落黄昏时,https://movie.douban.com/subject/1291990/,理查德・林克莱特 Richard Linklater,伊桑・霍克 Ethan Hawke ...,https://img3.doubanio.com/view/photo/s_ratio_poster/public/p1910924055.jpg,2004,美国,剧情 爱情,8.8,240159人评价,九年后的重逢是世俗和责任的交叠，没了悸动和青涩，沧桑而温暖。
116,红辣椒,https://movie.douban.com/subject/1865703/,今敏 Satoshi Kon,林原惠美 Megumi Hayashibara / 古谷彻 T...,https://img3.doubanio.com/view/photo/s_ratio_poster/public/p672363704.jpg,2006,日本,动画 悬疑 科幻 惊悚,8.9,170386人评价,梦的勾结。
117,菊次郎的夏天,https://movie.douban.com/subject/1293359/,北野武 Takeshi Kitano,北野武 Takeshi Kitano / 关口雄介 Yus...,https://img3.doubanio.com/view/photo/s_ratio_poster/public/p751835224.jpg,1999,日本,剧情 喜剧,8.8,232200人评价,从没见过那么流氓的温柔，从没见过那么温柔的流氓。
118,驯龙高手,https://movie.douban.com/subject/2353023/,迪恩・德布洛斯 Dean DeBlois / 克里斯・桑德斯 Chris Sanders,...,https://img3.doubanio.com/view/photo/s_ratio_poster/public/p490385643.jpg,2010,美国,喜剧 动画 奇幻 冒险,8.7,351476人评价,和谐的生活离不开摸头与被摸头。
119,幸福终点站,https://movie.douban.com/subject/1292274/,史蒂文・斯皮尔伯格 Steven Spielberg,汤姆・汉克斯 Tom Hanks...,https://img3.doubanio.com/view/photo/s_ratio_poster/public/p792263736.jpg,2004,美国,喜剧 剧情 爱情,8.7,268407人评价,有时候幸福需要等一等。 
120,神偷奶爸,https://movie.douban.com/subject/3287562/,皮艾尔・柯芬 Pierre Coffin / 克里斯・雷纳德 Chris Renaud,...,https://img1.doubanio.com/view/photo/s_ratio_poster/public/p792776858.jpg,2010,美国 法国,喜剧 动画 冒险,8.5,473886人评价,Mr. I Don't Care其实也有Care的时候。
121,杀人回忆,https://movie.douban.com/subject/1300299/,奉俊昊 Joon-ho Bong,宋康昊 Kang-ho Song / 金相庆 Sang-kyun...,https://img1.doubanio.com/view/photo/s_ratio_poster/public/p480225538.jpg,2003,韩国,犯罪 剧情 悬疑 惊悚,8.7,252595人评价,关于连环杀人悬案的集体回忆。
122,借东西的小人阿莉埃蒂,https://movie.douban.com/subject/4202302/,米林宏昌 Hiromasa Yonebayashi,志田未来 Mirai Shida / 神木...,https://img3.doubanio.com/view/photo/s_ratio_poster/public/p617533616.jpg,2010,日本,动画 奇幻 冒险,8.7,260600人评价,曾经的那段美好会沉淀为一辈子的记忆。
123,请以你的名字呼唤我,https://movie.douban.com/subject/26799731/,卢卡・圭达尼诺 Luca Guadagnino,蒂莫西・柴勒梅德 Timothée ...,https://img3.doubanio.com/view/photo/s_ratio_poster/public/p2505525050.jpg,2017,意大利 法国 巴西 美国,剧情 爱情 同性,8.8,243121人评价,沉醉在电影的情感和视听氛围中无法自拔。
124,七武士,https://movie.douban.com/subject/1295399/,黑泽明 Akira Kurosawa,三船敏郎 Toshir? Mifune / 志村乔 ...,https://img3.doubanio.com/view/photo/s_ratio_poster/public/p647099823.jpg,1954,日本,动作 冒险 剧情,9.2,94604人评价,时代悲歌。
125,哈利・波特与死亡圣器(下),https://movie.douban.com/subject/3011235/,大卫・叶茨 David Yates,丹尼尔・雷德克里夫 Daniel Radcliffe...,https://img3.doubanio.com/view/photo/s_ratio_poster/public/p917846733.jpg,2011,美国 英国,剧情 悬疑 奇幻 冒险,8.7,339610人评价,10年的完美句点。
126,岁月神偷,https://movie.douban.com/subject/3792799/,罗启锐 Alex Law,吴君如 Sandra Ng / 任达华 Simon Yam / 钟绍...,https://img3.doubanio.com/view/photo/s_ratio_poster/public/p456666151.jpg,2010,香港 中国大陆,剧情 家庭,8.6,353420人评价,岁月流逝，来日可追。
127,小森林 冬春篇,https://movie.douban.com/subject/25814707/,森淳一 Junichi Mori,桥本爱 Ai Hashimoto / 三浦贵大 Takahir...,https://img1.doubanio.com/view/photo/s_ratio_poster/public/p2215147728.jpg,2015,日本,剧情,9.0,155037人评价,尊敬他人，尊敬你生活的这片土地，明白孤独是人生的常态。
128,怪兽电力公司,https://movie.douban.com/subject/1291579/,彼特・道格特 Pete Docter / 大卫・斯沃曼 David Silverman,约...,https://img1.doubanio.com/view/photo/s_ratio_poster/public/p2513247938.jpg,2001,美国,儿童 喜剧 动画 奇幻 冒险,8.6,302017人评价,不要给它起名字，起了名字就有感情了。
129,萤火虫之墓,https://movie.douban.com/subject/1293318/,高x勋 Isao Takahata,辰己努 / 白石绫乃 / 志乃原良子,https://img1.doubanio.com/view/photo/s_ratio_poster/public/p2237136718.jpg,1988,日本,动画 剧情 战争,8.7,239118人评价,幸福是生生不息，却难以触及的远。 
130,谍影重重3,https://movie.douban.com/subject/1578507/,保罗・格林格拉斯 Paul Greengrass,马特・达蒙 Matt Damon / ...,https://img1.doubanio.com/view/photo/s_ratio_poster/public/p792223507.jpg,2007,美国 德国,动作 悬疑 惊悚,8.7,217829人评价,像吃了苏打饼一样干脆的电影。
131,电锯惊魂,https://movie.douban.com/subject/1417598/,詹姆斯・温 James Wan,雷・沃纳尔 Leigh Whannell / 加利・艾...,https://img3.doubanio.com/view/photo/s_ratio_poster/public/p2163771304.jpg,2004,美国,悬疑 惊悚 恐怖,8.7,237546人评价,真相就在眼前。
132,7号房的礼物,https://movie.douban.com/subject/10777687/,李焕庆 Hwan-kyeong Lee,柳承龙 Seung-yong Ryoo / 朴信惠 Shi...,https://img3.doubanio.com/view/photo/s_ratio_poster/public/p1816276065.jpg,2013,韩国,剧情 喜剧 家庭,8.7,222001人评价,《我是山姆》的《美丽人生》。
133,东邪西毒,https://movie.douban.com/subject/1292328/,王家卫 Kar Wai Wong,张国荣 Leslie Cheung / 林青霞 Brigitte...,https://img3.doubanio.com/view/photo/s_ratio_poster/public/p1982176012.jpg,1994,香港 台湾,剧情 动作 爱情 武侠 古装,8.6,307212人评价,电影诗。
134,喜宴,https://movie.douban.com/subject/1303037/,李安 Ang Lee,赵文u Winston Chao / 郎雄 Sihung Lung / 归亚...,https://img1.doubanio.com/view/photo/s_ratio_poster/public/p2249048907.jpg,1993,台湾 美国,剧情 喜剧 爱情 同性 家庭,8.8,168409人评价,中国家庭的喜怒哀乐忍。
135,疯狂原始人,https://movie.douban.com/subject/1907966/,科克・德・米科 Kirk De Micco / 克里斯・桑德斯 Chris Sanders,..,https://img1.doubanio.com/view/photo/s_ratio_poster/public/p1867084027.jpg,2013,美国,喜剧 动画 冒险,8.7,441796人评价,老少皆宜，这就是好莱坞动画的魅力。
136,贫民窟的百万富翁,https://movie.douban.com/subject/2209573/,丹尼・鲍尔 Danny Boyle / 洛芙琳・坦丹 Loveleen Tandan,戴夫...,https://img3.doubanio.com/view/photo/s_ratio_poster/public/p2434249040.jpg,2008,英国 美国,剧情 爱情,8.5,448260人评价,上帝之城+猜火车+阿甘正传+开心辞典=山寨富翁
137,萤火之森,https://movie.douban.com/subject/5989818/,大森贵弘 Takahiro Omori,佐仓绫音 Ayane Sakura / 内山昂辉 K...,https://img1.doubanio.com/view/photo/s_ratio_poster/public/p1272904657.jpg,2011,日本,剧情 爱情 动画 奇幻,8.8,204844人评价,触不到的恋人。
138,记忆碎片,https://movie.douban.com/subject/1304447/,克里斯托弗・诺兰 Christopher Nolan,盖・皮尔斯 Guy Pearce /...,https://img3.doubanio.com/view/photo/s_ratio_poster/public/p641688453.jpg,2000,美国,犯罪 剧情 悬疑 惊悚,8.6,329015人评价,一个针管引发的血案。
139,黑天鹅,https://movie.douban.com/subject/1978709/,达伦・阿罗诺夫斯基 Darren Aronofsky,娜塔莉・波特曼 Natalie...,https://img3.doubanio.com/view/photo/s_ratio_poster/public/p719282906.jpg,2010,美国,剧情 惊悚,8.5,486347人评价,黑暗之美。
140,真爱至上,https://movie.douban.com/subject/1292401/,理查德・柯蒂斯 Richard Curtis,休・格兰特 Hugh Grant / 柯林...,https://img3.doubanio.com/view/photo/s_ratio_poster/public/p475600770.jpg,2003,英国 美国 法国,喜剧 剧情 爱情,8.5,363541人评价,爱，是个动词。
141,英雄本色,https://movie.douban.com/subject/1297574/,吴宇森 John Woo,周润发 Yun-Fat Chow / 狄龙 Lung Ti / 张国...,https://img1.doubanio.com/view/photo/s_ratio_poster/public/p2504997087.jpg,1986,香港,动作 犯罪,8.6,219956人评价,英雄泪短，兄弟情长。 
142,超能陆战队,https://movie.douban.com/subject/11026735/,唐・霍尔 Don Hall / 克里斯・威廉姆斯 Chris Williams,斯科特...,https://img1.doubanio.com/view/photo/s_ratio_poster/public/p2224568669.jpg,2014,美国,喜剧 动作 科幻 动画 冒险,8.6,461828人评价,Balalala~~~
143,唐伯虎点秋香,https://movie.douban.com/subject/1306249/,李力持 Lik-Chi Lee,周星驰 Stephen Chow / 巩俐 Li Gong / 陈...,https://img3.doubanio.com/view/photo/s_ratio_poster/public/p1946455272.jpg,1993,香港,喜剧 爱情 古装,8.5,429981人评价,华太师是黄，吴镇宇四大才子之一。
144,蝙蝠侠：黑暗骑士崛起,https://movie.douban.com/subject/3395373/,克里斯托弗・诺兰 Christopher Nolan,克里斯蒂安・贝尔 Christ...,https://img3.doubanio.com/view/photo/s_ratio_poster/public/p1706428744.jpg,2012,美国 英国,剧情 动作 科幻 犯罪 惊悚,8.6,351516人评价,诺兰就是保证。
145,雨人,https://movie.douban.com/subject/1291870/,巴瑞・莱文森 Barry Levinson,达斯汀・霍夫曼 Dustin Hoffman ...,https://img3.doubanio.com/view/photo/s_ratio_poster/public/p942376281.jpg,1988,美国,剧情,8.7,237804人评价,生活在自己的世界里，也可以让周围的人显得可笑和渺小。
146,心迷宫,https://movie.douban.com/subject/25917973/,忻钰坤 Yukun Xin,霍卫民 Weimin Huo / 王笑天 Xiaotian Wang ...,https://img3.doubanio.com/view/photo/s_ratio_poster/public/p2275298525.jpg,2014,中国大陆,剧情 犯罪 悬疑,8.7,228182人评价,荒诞讽刺，千奇百巧，抽丝剥茧，百转千回。
147,卢旺达饭店,https://movie.douban.com/subject/1291822/,特瑞・乔治 Terry George,唐・钱德尔 Don Cheadle / 苏菲・奥...,https://img3.doubanio.com/view/photo/s_ratio_poster/public/p2159368352.jpg,2004,英国 南非 意大利 美国,剧情 历史 战争,8.9,143063人评价,当这个世界闭上双眼，他却敞开了怀抱。
148,傲慢与偏见,https://movie.douban.com/subject/1418200/,乔・怀特 Joe Wright,凯拉・奈特莉 Keira Knightley / 马修・...,https://img3.doubanio.com/view/photo/s_ratio_poster/public/p452005185.jpg,2005,法国 英国 美国,剧情 爱情,8.5,364950人评价,爱是摈弃傲慢与偏见之后的曙光。
149,荒蛮故事,https://movie.douban.com/subject/24750126/,达米安・斯兹弗隆 Damián Szifron,达里奥・葛兰帝内提 Darío...,https://img3.doubanio.com/view/photo/s_ratio_poster/public/p2192834364.jpg,2014,阿根廷 西班牙,剧情 喜剧 犯罪,8.8,182958人评价,始于荒诞，止于更荒诞。
150,海洋,https://movie.douban.com/subject/3443389/,雅克・贝汉 Jacques Perrin / 雅克・克鲁奥德 Jacques Cluzaud,...,https://img3.doubanio.com/view/photo/s_ratio_poster/public/p497010372.jpg,2009,法国 瑞士 西班牙 美国 阿联酋,纪录片,9.0,107995人评价,大海啊，不全是水。
151,纵横四海,https://movie.douban.com/subject/1295409/,吴宇森 John Woo,周润发 Yun-Fat Chow / 张国荣 Leslie Cheung...,https://img3.doubanio.com/view/photo/s_ratio_poster/public/p2272146906.jpg,1991,香港,剧情 喜剧 动作 犯罪,8.7,185662人评价,香港浪漫主义警匪动作片的巅峰之作。
152,无人知晓,https://movie.douban.com/subject/1292337/,是枝裕和 Hirokazu Koreeda,柳乐优弥 Y?ya Yagira / 北浦爱...,https://img3.doubanio.com/view/photo/s_ratio_poster/public/p661160053.jpg,2004,日本,剧情,9.1,95745人评价,我的平常生活就是他人的幸福。
153,海边的曼彻斯特,https://movie.douban.com/subject/25980443/,肯尼斯・罗纳根 Kenneth Lonergan,卡西・阿弗莱克 Casey Affle...,https://img1.doubanio.com/view/photo/s_ratio_poster/public/p2496940327.jpg,2016,美国,剧情 家庭,8.6,250022人评价,我们都有权利不与自己的过去和解。
154,时空恋旅人,https://movie.douban.com/subject/10577869/,理查德・柯蒂斯 Richard Curtis,多姆纳尔・格利森 Domhnall Gl...,https://img3.doubanio.com/view/photo/s_ratio_poster/public/p2070153774.jpg,2013,英国,剧情 爱情 奇幻,8.7,250882人评价,把每天当作最后一天般珍惜度过，积极拥抱生活，就是幸福。
155,教父3,https://movie.douban.com/subject/1294240/,弗朗西斯・福特・科波拉 Francis Ford Coppola,阿尔・帕西诺 A...,https://img3.doubanio.com/view/photo/s_ratio_poster/public/p2169664351.jpg,1990,美国,剧情 犯罪,8.8,159649人评价,任何信念的力量，都无法改变命运。
156,虎口脱险,https://movie.douban.com/subject/1296909/,杰拉尔・乌里 Gérard Oury,路易・德・菲耐斯 Louis de Funès...,https://img3.doubanio.com/view/photo/s_ratio_poster/public/p2399597512.jpg,1966,法国 英国,喜剧 战争,8.9,123651人评价,永远看不腻的喜剧。
157,玩具总动员3,https://movie.douban.com/subject/1858711/,李・昂克里奇 Lee Unkrich,汤姆・汉克斯 Tom Hanks / 蒂姆・艾...,https://img1.doubanio.com/view/photo/s_ratio_poster/public/p1283675359.jpg,2010,美国,喜剧 动画 奇幻 冒险,8.8,228674人评价,跨度十五年的欢乐与泪水。
158,完美的世界,https://movie.douban.com/subject/1300992/,克林特・伊斯特伍德 Clint Eastwood,凯文・科斯特纳 Kevin Cos...,https://img3.doubanio.com/view/photo/s_ratio_poster/public/p792403691.jpg,1993,美国,剧情 犯罪,9.0,100131人评价,坏人的好总是比好人的好来得更感人。
159,花样年华,https://movie.douban.com/subject/1291557/,王家卫 Kar Wai Wong,梁朝伟 Tony Leung Chiu Wai / 张曼玉 Ma...,https://img3.doubanio.com/view/photo/s_ratio_poster/public/p1910828286.jpg,2000,香港,剧情 爱情,8.6,292498人评价,偷情本没有这样美。
160,达拉斯买家俱乐部,https://movie.douban.com/subject/1793929/,让-马克・瓦雷 Jean-Marc Vallée,马修・麦康纳 Matthew McCon...,https://img1.doubanio.com/view/photo/s_ratio_poster/public/p2166160837.jpg,2013,美国,剧情 传记 同性,8.7,225785人评价,Jared Leto的腿比女人还美！
161,恋恋笔记本,https://movie.douban.com/subject/1309163/,尼克・卡索维茨 Nick Cassavetes,瑞恩・高斯林 Ryan Gosling /...,https://img3.doubanio.com/view/photo/s_ratio_poster/public/p483604864.jpg,2004,美国,剧情 爱情,8.5,335911人评价,爱情没有那么多借口，如果不能圆满，只能说明爱的不够。 
162,血战钢锯岭,https://movie.douban.com/subject/26325320/,梅尔・吉布森 Mel Gibson,安德鲁・加菲尔德 Andrew Garfield /...,https://img1.doubanio.com/view/photo/s_ratio_poster/public/p2398141939.jpg,2016,美国 澳大利亚,剧情 传记 历史 战争,8.7,393644人评价,优秀的战争片不会美化战场，不会粉饰死亡，不会矮化敌人，不会无视常识，最重要的，不会宣扬战争。
163,燃情岁月,https://movie.douban.com/subject/1295865/,爱德华・兹威克 Edward Zwick,安东尼・霍普金斯 Anthony Hopki...,https://img1.doubanio.com/view/photo/s_ratio_poster/public/p1023654037.jpg,1994,美国,剧情 爱情 西部 家庭,8.7,166976人评价,传奇，不是每个人都可以拥有。
164,二十二,https://movie.douban.com/subject/26430107/,郭柯 Ke Guo,,https://img1.doubanio.com/view/photo/s_ratio_poster/public/p2457609817.jpg,2015,中国大陆,纪录片,8.7,135061人评价,有一些东西不应该被遗忘。
165,雨中曲,https://movie.douban.com/subject/1293460/,Stanley Donen / Gene Kelly,Gene Kelly / Donald O'Connor / ...,https://img3.doubanio.com/view/photo/s_ratio_poster/public/p1612355875.jpg,1952,美国,喜剧 歌舞 爱情,9.0,107969人评价,骨灰级歌舞片。
166,魂断蓝桥,https://movie.douban.com/subject/1293964/,Mervyn LeRoy,Vivien Leigh / Robert Taylor / Lucile Watson,https://img1.doubanio.com/view/photo/s_ratio_poster/public/p2351134499.jpg,1940,美国,剧情 战争 爱情,8.8,147969人评价,中国式内在的美国电影。
167,穿越时空的少女,https://movie.douban.com/subject/1937946/,细田守 Mamoru Hosoda,仲里依纱 Riisa Naka / 石田卓也 Takuya...,https://img3.doubanio.com/view/photo/s_ratio_poster/public/p2079334286.jpg,2006,日本,剧情 爱情 科幻 动画,8.6,215898人评价,爱上未来的你。 
168,冰川时代,https://movie.douban.com/subject/1291578/,卡洛斯・沙尔丹哈 Carlos Saldanha / 克里斯・韦奇 Chris Wedge,..,https://img1.doubanio.com/view/photo/s_ratio_poster/public/p1910895719.jpg,2002,美国,喜剧 动画 冒险,8.5,325003人评价,松鼠才是角儿。
169,我是山姆,https://movie.douban.com/subject/1306861/,杰茜・尼尔森 Jessie Nelson,Sean Penn / Dakota Fanning / Mi...,https://img3.doubanio.com/view/photo/s_ratio_poster/public/p652417775.jpg,2001,美国,剧情 家庭,8.8,127006人评价,爱并不需要智商 。
170,猜火车,https://movie.douban.com/subject/1292528/,丹尼・博伊尔 Danny Boyle,伊万・麦克格雷格 Ewan McGregor / ...,https://img1.doubanio.com/view/photo/s_ratio_poster/public/p513567548.jpg,1996,英国,犯罪 剧情,8.5,280298人评价,不可猜的青春迷笛。 
171,人工智能,https://movie.douban.com/subject/1302827/,史蒂文・斯皮尔伯格 Steven Spielberg,海利・乔・奥斯蒙 Haley...,https://img1.doubanio.com/view/photo/s_ratio_poster/public/p792257137.jpg,2001,美国,冒险 剧情 科幻,8.6,224555人评价,对爱的执着，可以超越一切。
172,头脑特工队,https://movie.douban.com/subject/10533913/,彼特・道格特 Pete Docter / 罗纳尔多・德尔・卡门 Ronaldo Del Carmen??&nb...,,https://img3.doubanio.com/view/photo/s_ratio_poster/public/p2266293606.jpg,2015,美国,喜剧 动画 冒险,8.7,283010人评价,愿我们都不用长大，每一座城堡都能永远存在。
173,被解救的姜戈,https://movie.douban.com/subject/6307447/,昆汀・塔伦蒂诺 Quentin Tarantino,杰米・福克斯 Jamie Foxx /...,https://img1.doubanio.com/view/photo/s_ratio_poster/public/p1959232369.jpg,2012,美国,剧情 动作 西部 冒险,8.6,304681人评价,热血沸腾，那个低俗、性感的无耻混蛋又来了。
174,爆裂鼓手,https://movie.douban.com/subject/25773932/,达米安・沙泽勒 Damien Chazelle,迈尔斯・特勒 Miles Teller /...,https://img3.doubanio.com/view/photo/s_ratio_poster/public/p2220776342.jpg,2014,美国,剧情 音乐,8.6,280862人评价,这个世界从不善待努力的人，努力了也不一定会成功，但是知道自己在努力，就是活下去的动力。
175,未麻的部屋,https://movie.douban.com/subject/1395091/,今敏 Satoshi Kon,岩男润子 Junko Iwao / 松本梨香 Rica Matsu...,https://img3.doubanio.com/view/photo/s_ratio_poster/public/p1351050722.jpg,1997,日本,动画 奇幻 惊悚,8.9,121019人评价,好的剧本是，就算你猜到了结局也猜不到全部。
176,罗生门,https://movie.douban.com/subject/1291879/,黑泽明 Akira Kurosawa,三船敏郎 Toshir? Mifune / 千秋实 ...,https://img1.doubanio.com/view/photo/s_ratio_poster/public/p1864872647.jpg,1950,日本,犯罪 剧情 悬疑,8.7,151150人评价,人生的N种可能性。
177,你的名字。,https://movie.douban.com/subject/26683290/,新海诚 Makoto Shinkai,神木隆之介 Ry?nosuke Kamiki / 上...,https://img1.doubanio.com/view/photo/s_ratio_poster/public/p2395733377.jpg,2016,日本,剧情 爱情 动画,8.4,602465人评价,穿越错位的时空，仰望陨落的星辰，你没留下你的名字，我却无法忘记那句“我爱你”。
178,浪潮,https://movie.douban.com/subject/2297265/,丹尼斯・甘塞尔 Dennis Gansel,尤尔根・沃格尔 Jürgen Vogel ...,https://img3.doubanio.com/view/photo/s_ratio_poster/public/p1344888983.jpg,2008,德国,剧情 惊悚,8.7,154193人评价,世界离独裁只有五天。
179,无敌破坏王,https://movie.douban.com/subject/6534248/,瑞奇・莫尔 Rich Moore,约翰・C・赖利 John C. Reilly / 萨拉...,https://img3.doubanio.com/view/photo/s_ratio_poster/public/p1735642656.jpg,2012,美国,喜剧 动画 奇幻 冒险,8.7,243600人评价,迪士尼和皮克斯拿错剧本的产物。
180,香水,https://movie.douban.com/subject/1760622/,汤姆・提克威 Tom Tykwer,本・卫肖 Ben Whishaw / 艾伦・瑞克...,https://img1.doubanio.com/view/photo/s_ratio_poster/public/p470006658.jpg,2006,德国 法国 西班牙 美国,剧情 犯罪 奇幻,8.4,320090人评价,一个单凭体香达到高潮的男人。
181,阿飞正传,https://movie.douban.com/subject/1305690/,王家卫 Kar Wai Wong,张国荣 Leslie Cheung / 张曼玉 Maggie C...,https://img3.doubanio.com/view/photo/s_ratio_poster/public/p2525770523.jpg,1990,香港,犯罪 剧情 爱情,8.5,250279人评价,王家卫是一种风格，张国荣是一个代表。
182,朗读者,https://movie.douban.com/subject/2213597/,史蒂芬・戴德利 Stephen Daldry,凯特・温丝莱特 Kate Winslet ...,https://img1.doubanio.com/view/photo/s_ratio_poster/public/p1140984198.jpg,2008,美国 德国,剧情 爱情,8.5,307780人评价,当爱情跨越年龄的界限，它似乎能变得更久远一点，成为一种责任，一种水到渠成的相濡以沫。 
183,房间,https://movie.douban.com/subject/25724855/,伦尼・阿伯拉罕森 Lenny Abrahamson,布丽・拉尔森 Brie Larson...,https://img3.doubanio.com/view/photo/s_ratio_poster/public/p2259715855.jpg,2015,爱尔兰 加拿大 英国 美国,剧情 家庭,8.8,191896人评价,被偷走的岁月，被伤害的生命，被禁锢的灵魂，终将被希望和善意救赎。
184,恐怖游轮,https://movie.douban.com/subject/3011051/,克里斯托弗・史密斯 Christopher Smith,梅利莎・乔治 Melissa ...,https://img3.doubanio.com/view/photo/s_ratio_poster/public/p462470694.jpg,2009,英国 澳大利亚,剧情 悬疑 惊悚,8.4,388953人评价,不要企图在重复中寻找已经失去的爱。
185,模仿游戏,https://movie.douban.com/subject/10463953/,莫腾・泰杜姆 Morten Tyldum,本尼迪克特・康伯巴奇 Benedict C...,https://img3.doubanio.com/view/photo/s_ratio_poster/public/p2255040492.jpg,2014,英国 美国,剧情 传记 战争 同性,8.6,305262人评价,他给机器起名“克里斯托弗”，因为这是他初恋的名字。
186,可可西里,https://movie.douban.com/subject/1308857/,陆川 Chuan Lu,多布杰 Duobujie / 张磊 Lei Zhang / 亓亮 Qi L...,https://img3.doubanio.com/view/photo/s_ratio_poster/public/p2363208684.jpg,2004,中国大陆 香港,剧情 犯罪,8.7,151457人评价,坚硬的信仰。
187,一个叫欧维的男人决定去死,https://movie.douban.com/subject/26628357/,汉内斯・赫尔姆 Hannes Holm,罗夫・拉斯加德 Rolf Lassg?rd...,https://img3.doubanio.com/view/photo/s_ratio_poster/public/p2406624993.jpg,2015,瑞典,剧情,8.8,156309人评价,惠及一生的美丽。
188,忠犬八公物语,https://movie.douban.com/subject/1959195/,Seijir? K?yama,山本圭 Kei Yamamoto / 井川比佐志 Hisa...,https://img3.doubanio.com/view/photo/s_ratio_poster/public/p2297934945.jpg,1987,日本,剧情,9.1,77024人评价,养狗三日，便会对你终其一生。
189,魔女宅急便,https://movie.douban.com/subject/1307811/,宫崎骏 Hayao Miyazaki,高山南 Minami Takayama / 佐久间玲 Re...,https://img3.doubanio.com/view/photo/s_ratio_poster/public/p456676352.jpg,1989,日本,动画 奇幻 冒险,8.5,233020人评价,宫崎骏的电影总让人感觉世界是美好的，阳光明媚的。
190,一次别离,https://movie.douban.com/subject/5964718/,阿斯哈・法哈蒂  Asghar Farhadi,佩曼・莫阿迪 Peyman Moadi /...,https://img3.doubanio.com/view/photo/s_ratio_poster/public/p2189835254.jpg,2011,伊朗 法国,剧情 家庭,8.7,151840人评价,只有有信仰的人才能说出事实真相。
191,战争之王,https://movie.douban.com/subject/1419936/,安德鲁・尼科尔 Andrew Niccol,尼古拉斯・凯奇 Nicolas Cage /...,https://img3.doubanio.com/view/photo/s_ratio_poster/public/p453719066.jpg,2005,美国 法国,剧情 犯罪,8.6,198807人评价,做一颗让别人需要你的棋子。
192,哪吒闹海,https://movie.douban.com/subject/1307315/,严定宪 Dingxian Yan / 王树忱 Shuchen Wang,梁正晖 Zhenghui ...,https://img3.doubanio.com/view/photo/s_ratio_poster/public/p2516566783.jpg,1979,中国大陆,冒险 动画 奇幻,8.9,100237人评价,想你时你在闹海。
193,完美陌生人,https://movie.douban.com/subject/26614893/,保罗・格诺维瑟 Paolo Genovese,马可・贾利尼 Marco Giallini ...,https://img3.doubanio.com/view/photo/s_ratio_poster/public/p2522331945.jpg,2016,意大利,剧情 喜剧,8.6,257338人评价,来啊，互相伤害啊！
194,谍影重重,https://movie.douban.com/subject/1304102/,道格・里曼 Doug Liman,马特・达蒙 Matt Damon / 弗兰卡・波坦...,https://img3.doubanio.com/view/photo/s_ratio_poster/public/p1597183981.jpg,2002,美国 德国 捷克,动作 悬疑 惊悚,8.5,226490人评价,哗啦啦啦啦，天在下雨，哗啦啦啦啦，云在哭泣……找自己。
195,追随,https://movie.douban.com/subject/1397546/,克里斯托弗・诺兰 Christopher Nolan,杰里米・西奥伯德 Jeremy...,https://img1.doubanio.com/view/photo/s_ratio_poster/public/p1150103377.jpg,1998,英国,犯罪 悬疑 惊悚,8.9,94974人评价,诺兰的牛逼来源于内心散发出的恐惧。
196,牯岭街少年杀人事件,https://movie.douban.com/subject/1292329/,杨德昌 Edward Yang,张震 Chen Chang / 杨静怡 Lisa Yang / 张...,https://img3.doubanio.com/view/photo/s_ratio_poster/public/p848381236.jpg,1991,台湾,剧情 犯罪,8.8,127465人评价,弱者送给弱者的一刀。
197,地球上的星星,https://movie.douban.com/subject/2363506/,阿米尔・汗 Aamir Khan,达席尔・萨法瑞 Darsheel Safary / 阿...,https://img3.doubanio.com/view/photo/s_ratio_poster/public/p1973489335.jpg,2007,印度,剧情 儿童 家庭,8.9,101381人评价,天使保护事件始末。
198,谍影重重2,https://movie.douban.com/subject/1308767/,保罗・格林格拉斯 Paul Greengrass,马特・达蒙 Matt Damon / ...,https://img3.doubanio.com/view/photo/s_ratio_poster/public/p667644866.jpg,2004,美国 德国,动作 悬疑 惊悚,8.6,188596人评价,谁说王家卫镜头很晃？
199,撞车,https://movie.douban.com/subject/1388216/,保罗・哈吉斯 Paul Haggis,桑德拉・布洛克 Sandra Bullock / ...,https://img3.doubanio.com/view/photo/s_ratio_poster/public/p2075132390.jpg,2004,美国 德国,犯罪 剧情,8.6,197715人评价,天使与魔鬼的冲撞。
200,黑客帝国3：矩阵革命,https://movie.douban.com/subject/1302467/,Andy Wachowski / Larry Wachowski,Keanu Reeves / Laurence F...,https://img1.doubanio.com/view/photo/s_ratio_poster/public/p443461818.jpg,2003,美国 澳大利亚,动作 科幻,8.6,187369人评价,不得不说，《黑客帝国》系列是商业片与科幻、哲学完美结合的典范。
201,惊魂记,https://movie.douban.com/subject/1293181/,Alfred Hitchcock,Janet Leigh / Anthony Perkins / Vera Miles,https://img3.doubanio.com/view/photo/s_ratio_poster/public/p1021883305.jpg,1960,美国,悬疑 惊悚 恐怖,8.9,101242人评价,故事的反转与反转，分裂电影的始祖。
202,青蛇,https://movie.douban.com/subject/1303394/,徐克 Hark Tsui,张曼玉 Maggie Cheung / 王祖贤 Joey Wang / ...,https://img3.doubanio.com/view/photo/s_ratio_poster/public/p584021784.jpg,1993,香港,剧情 奇幻 古装,8.5,263892人评价,人生如此，浮生如斯。谁人言，花彼岸，此生情长意短。谁都是不懂爱的罢了。
203,梦之安魂曲,https://movie.douban.com/subject/1292270/,达伦・阿伦诺夫斯基 Darren Aronofsky,艾伦・伯斯汀 Ellen Bur...,https://img3.doubanio.com/view/photo/s_ratio_poster/public/p884936202.jpg,2000,美国,剧情,8.7,128904人评价,一场没有春天的噩梦。
204,海街日记,https://movie.douban.com/subject/25895901/,是枝裕和 Hirokazu Koreeda,绫濑遥 Haruka Ayase / 长泽雅美 M...,https://img1.doubanio.com/view/photo/s_ratio_poster/public/p2232247487.jpg,2015,日本,剧情 家庭,8.7,170816人评价,是枝裕和的家庭习作。
205,小萝莉的猴神大叔,https://movie.douban.com/subject/26393561/,卡比尔・汗 Kabir Khan,萨尔曼・汗 Salman Khan / 哈莎莉・马...,https://img3.doubanio.com/view/photo/s_ratio_poster/public/p2510956726.jpg,2015,印度,剧情 喜剧 动作,8.5,212199人评价,宝莱坞的萝莉与大叔。
206,再次出发之纽约遇见你,https://movie.douban.com/subject/6874403/,约翰・卡尼 John Carney,凯拉・奈特莉 Keira Knightley / 马克...,https://img3.doubanio.com/view/photo/s_ratio_poster/public/p2250287733.jpg,2013,美国,喜剧 爱情 音乐,8.5,207642人评价,爱我就给我看你的播放列表。
207,新龙门客栈,https://movie.douban.com/subject/1292287/,李惠民 Raymond Lee,张曼玉 Maggie Cheung / 林青霞 Brigitte ...,https://img1.doubanio.com/view/photo/s_ratio_poster/public/p1421018669.jpg,1992,香港 中国大陆,剧情 动作 武侠 古装,8.5,220387人评价,嬉笑怒骂，调风动月。
208,步履不停,https://movie.douban.com/subject/2222996/,是枝裕和 Hirokazu Koreeda,阿部宽 Hiroshi Abe / 夏川结衣 Yu...,https://img1.doubanio.com/view/photo/s_ratio_poster/public/p672446737.jpg,2008,日本,剧情 家庭,8.8,109203人评价,日本的家庭电影已经是世界巅峰了，步履不停是巅峰中的佳作。
209,源代码,https://movie.douban.com/subject/3075287/,邓肯・琼斯 Duncan Jones,杰克・吉伦哈尔 Jake Gyllenhaal / ...,https://img3.doubanio.com/view/photo/s_ratio_poster/public/p988260245.jpg,2011,美国 加拿大,科幻 悬疑 惊悚,8.4,463217人评价,邓肯・琼斯继《月球》之后再度奉献出一部精彩绝伦的科幻佳作。
210,东京物语,https://movie.douban.com/subject/1291568/,小津安二郎 Yasujir? Ozu,笠智众 Chish? Ry? / 原节...,https://img3.doubanio.com/view/photo/s_ratio_poster/public/p1910832390.jpg,1953,日本,剧情 家庭,9.2,61706人评价,东京那么大，如果有一天走失了，恐怕一辈子不能再相见。
211,终结者2：审判日,https://movie.douban.com/subject/1291844/,詹姆斯・卡梅隆 James Cameron,阿诺・施瓦辛格 Arnold Schwarz...,https://img3.doubanio.com/view/photo/s_ratio_poster/public/p1910909085.jpg,1991,美国 法国,动作 科幻,8.6,166635人评价,少见的超越首部的续集，动作片中的经典。
212,初恋这件小事,https://movie.douban.com/subject/4739952/,普特鹏・普罗萨卡・那・萨克那卡林 Puttipong Promsaka Na Sakolnakorn / 华森・波克彭...,,https://img3.doubanio.com/view/photo/s_ratio_poster/public/p1505312273.jpg,2010,泰国,剧情 喜剧 爱情,8.3,540754人评价,黑小鸭速效美白记。
213,疯狂的石头,https://movie.douban.com/subject/1862151/,宁浩 Hao Ning,郭涛 Tao Guo / 刘桦 Hua Liu / 连晋 Teddy Lin,https://img3.doubanio.com/view/photo/s_ratio_poster/public/p712241453.jpg,2006,中国大陆 香港,喜剧 犯罪,8.3,377180人评价,中国版《两杆大烟枪》。
214,城市之光,https://movie.douban.com/subject/1293908/,Charles Chaplin,查理・卓别林 Charles Chaplin / 弗吉尼亚・...,https://img3.doubanio.com/view/photo/s_ratio_poster/public/p2170238803.jpg,1931,美国,喜剧 剧情 爱情,9.2,54534人评价,永远的小人物，伟大的卓别林。
215,绿里奇迹,https://movie.douban.com/subject/1300374/,Frank Darabont,汤姆・汉克斯 Tom Hanks / 大卫・摩斯 David M...,https://img3.doubanio.com/view/photo/s_ratio_poster/public/p767586451.jpg,1999,美国,犯罪 剧情 奇幻 悬疑,8.7,125043人评价,天使暂时离开。
216,爱在午夜降临前,https://movie.douban.com/subject/10808442/,理查德・林克莱特 Richard Linklater,伊桑・霍克 Ethan Hawke ...,https://img1.doubanio.com/view/photo/s_ratio_poster/public/p2074715729.jpg,2013,美国,剧情 爱情,8.8,139523人评价,所谓爱情，就是话唠一路，都不会心生腻烦，彼此嫌弃。
217,无耻混蛋,https://movie.douban.com/subject/1438652/,Quentin Tarantino,布拉德・皮特 Brad Pitt / 梅拉尼・罗兰 M...,https://img3.doubanio.com/view/photo/s_ratio_poster/public/p770734475.jpg,2009,美国 德国,剧情 犯罪,8.5,256765人评价,昆汀同学越来越变态了，比北野武还杜琪峰。
218,末路狂花,https://movie.douban.com/subject/1291992/,雷德利・斯科特 Ridley Scott,吉娜・戴维斯 Geena Davis / 苏...,https://img3.doubanio.com/view/photo/s_ratio_poster/public/p794583044.jpg,1991,美国 法国,犯罪 剧情 惊悚,8.7,121298人评价,没有了退路，只好飞向自由。
219,秒速5厘米,https://movie.douban.com/subject/2043546/,新海诚 Makoto Shinkai,水桥研二 Kenji Mizuhashi / 近藤好美 ...,https://img3.doubanio.com/view/photo/s_ratio_poster/public/p982896012.jpg,2007,日本,动画 剧情 爱情,8.3,355185人评价,青春就是放弃和怀念。
220,这个男人来自地球,https://movie.douban.com/subject/2300586/,理查德・沙因克曼 Richard Schenkman,大卫・李・史密斯 David ...,https://img3.doubanio.com/view/photo/s_ratio_poster/public/p513303986.jpg,2007,美国,剧情 科幻,8.5,212718人评价,科幻真正的魅力不是视觉效果能取代的。 
221,勇闯夺命岛,https://movie.douban.com/subject/1292728/,迈克尔・贝 Michael Bay,肖恩・康纳利 Sean Connery / 尼古拉...,https://img3.doubanio.com/view/photo/s_ratio_poster/public/p636048104.jpg,1996,美国,动作 冒险,8.6,161803人评价,类型片的极致。 
222,E.T. 外星人,https://movie.douban.com/subject/1294638/,Steven Spielberg,Henry Thomas / Dee Wallace / Robert MacNa...,https://img3.doubanio.com/view/photo/s_ratio_poster/public/p984732992.jpg,1982,美国,剧情 科幻,8.5,180987人评价,生病的E.T.皮肤的颜色就像柿子饼。
223,变脸,https://movie.douban.com/subject/1292659/,吴宇森 John Woo,约翰・特拉沃尔塔 John Travolta / 尼古拉斯...,https://img3.doubanio.com/view/photo/s_ratio_poster/public/p2173855883.jpg,1997,美国,动作 科幻 犯罪 惊悚,8.4,243483人评价,当发哥的风衣、墨镜出现在了凯奇身上??
224,碧海蓝天,https://movie.douban.com/subject/1300960/,Luc Besson,让-马克・巴尔 Jean-Marc Barr / 让・雷诺 Jean Re...,https://img3.doubanio.com/view/photo/s_ratio_poster/public/p455722535.jpg,1988,法国 美国 意大利,剧情 爱情,8.7,115870人评价,在那片深蓝中，感受来自大海的忧伤寂寞与美丽自由。
225,彗星来的那一夜,https://movie.douban.com/subject/25807345/,詹姆斯・沃德・布柯特 James Ward Byrkit,艾米丽・芭尔多尼 Em...,https://img3.doubanio.com/view/photo/s_ratio_poster/public/p2187896711.jpg,2013,美国 英国,科幻 悬疑 惊悚,8.4,223928人评价,小成本大魅力。
226,卡萨布兰卡,https://movie.douban.com/subject/1296753/,Michael Curtiz,亨弗莱・鲍嘉 Humphrey Bogart / 英格丽・褒曼...,https://img3.doubanio.com/view/photo/s_ratio_poster/public/p1244791866.jpg,1942,美国,剧情 爱情 战争,8.6,142294人评价,世界上有那么多女人那么多酒馆，但她偏偏走进我的这家。
227,黄金三镖客,https://movie.douban.com/subject/1401118/,Sergio Leone,Clint Eastwood / Eli Wallach / Lee Van Cleef,https://img1.doubanio.com/view/photo/s_ratio_poster/public/p2101693489.jpg,1966,意大利 西班牙 西德,冒险 西部,9.1,61035人评价,最棒的西部片。
228,发条橙,https://movie.douban.com/subject/1292233/,Stanley Kubrick,Malcolm McDowell / Patrick Magee / Michael...,https://img3.doubanio.com/view/photo/s_ratio_poster/public/p529908155.jpg,1971,英国 美国,犯罪 剧情 科幻,8.5,210215人评价,我完全康复了。
229,聚焦,https://movie.douban.com/subject/25954475/,托马斯・麦卡锡 Thomas McCarthy,马克・鲁弗洛 Mark Ruffalo /...,https://img1.doubanio.com/view/photo/s_ratio_poster/public/p2263822658.jpg,2015,美国,剧情 传记,8.8,150794人评价,新闻人的理性求真。
230,血钻,https://movie.douban.com/subject/1428175/,爱德华・兹威克 Edward Zwick,莱昂纳多・迪卡普里奥 Leonardo ...,https://img3.doubanio.com/view/photo/s_ratio_poster/public/p1244017073.jpg,2006,美国 德国,剧情 惊悚 冒险,8.6,159948人评价,每个美丽事物背后都是滴血的现实。
231,美国丽人,https://movie.douban.com/subject/1292062/,萨姆・门德斯 Sam Mendes,凯文・史派西 Kevin Spacey / 安妮特...,https://img3.doubanio.com/view/photo/s_ratio_poster/public/p571671715.jpg,1999,美国,剧情 爱情 家庭,8.5,211300人评价,每个人的内心都是深不可测的大海。 
232,海盗电台,https://movie.douban.com/subject/3007773/,理查德・柯蒂斯 Richard Curtis,比尔・奈伊 Bill Nighy / 肯尼...,https://img3.doubanio.com/view/photo/s_ratio_poster/public/p769608791.jpg,2009,英国 德国 法国,剧情 喜剧 音乐,8.6,181730人评价,生命不止，摇滚不死。
233,国王的演讲,https://movie.douban.com/subject/4023638/,汤姆・霍珀 Tom Hooper,柯林・菲尔斯 Colin Firth / 杰弗里・...,https://img1.doubanio.com/view/photo/s_ratio_poster/public/p768879237.jpg,2010,英国 澳大利亚 美国,剧情 传记 历史,8.3,388401人评价,皇上无话儿。
234,非常嫌疑犯,https://movie.douban.com/subject/1292214/,布莱恩・辛格 Bryan Singer,史蒂芬・鲍德温 Stephen Baldwin /...,https://img3.doubanio.com/view/photo/s_ratio_poster/public/p2537319495.jpg,1995,德国 美国,剧情 犯罪 悬疑 惊悚,8.6,138299人评价,我不信仰上帝，但我敬畏上帝。
235,荒野生存,https://movie.douban.com/subject/1905462/,西恩・潘 Sean Penn,埃米尔・赫斯基 Emile Hirsch / 马西娅・...,https://img1.doubanio.com/view/photo/s_ratio_poster/public/p465687407.jpg,2007,美国,冒险 传记 剧情,8.6,145537人评价,出门必备：本草纲目。
236,黑鹰坠落,https://movie.douban.com/subject/1291824/,雷德利・斯科特 Ridley Scott,乔什・哈奈特 Josh Hartnett / ...,https://img3.doubanio.com/view/photo/s_ratio_poster/public/p1910900710.jpg,2001,美国,动作 历史 战争,8.6,140173人评价,还原真实而残酷的战争。
237,我爱你,https://movie.douban.com/subject/5908478/,秋昌民 Chang-min Choo,宋在河 Jae-ho Song / 李顺载 Soon-jae...,https://img1.doubanio.com/view/photo/s_ratio_poster/public/p1075591188.jpg,2011,韩国,剧情 爱情,9.0,70238人评价,你要相信，这世上真的有爱存在，不管在什么年纪 
238,英国病人,https://movie.douban.com/subject/1291853/,安东尼・明格拉 Anthony Minghella,拉尔夫・费因斯 Ralph Fien...,https://img3.doubanio.com/view/photo/s_ratio_poster/public/p2408623752.jpg,1996,美国 英国,爱情 剧情 战争,8.5,193245人评价,"In memory, love lives forever..."
239,千钧一发,https://movie.douban.com/subject/1300117/,安德鲁・尼科尔 Andrew Niccol,伊桑・霍克 Ethan Hawke / 乌玛...,https://img3.doubanio.com/view/photo/s_ratio_poster/public/p2195672555.jpg,1997,美国,剧情 科幻 惊悚,8.7,106734人评价,一部能引人思考的科幻励志片。
240,天书奇谭,https://movie.douban.com/subject/1428581/,王树忱 Shuchen Wang / 钱运达 Yunda Qian,丁建华 Jianhua Din...,https://img3.doubanio.com/view/photo/s_ratio_poster/public/p842504080.jpg,1983,中国大陆,动画,9.1,60395人评价,传奇的年代，醉人的童话。
241,遗愿清单,https://movie.douban.com/subject/1867345/,罗伯・莱纳 Rob Reiner,杰克・尼科尔森 Jack Nicholson / 摩根...,https://img3.doubanio.com/view/photo/s_ratio_poster/public/p708613284.jpg,2007,美国,冒险 喜剧 剧情,8.5,155603人评价,用剩余不多的时间，去燃烧整个生命。
242,2001太空漫游,https://movie.douban.com/subject/1292226/,斯坦利・库布里克 Stanley Kubrick,凯尔・杜拉 Keir Dullea / ...,https://img3.doubanio.com/view/photo/s_ratio_poster/public/p792189453.jpg,1968,英国 美国,科幻 惊悚 冒险,8.7,114726人评价,现代科幻电影的开山之作，最伟大导演的最伟大影片。
243,荒岛余生,https://movie.douban.com/subject/1298653/,罗伯特・泽米吉斯 Robert Zemeckis,汤姆・汉克斯 Tom Hanks / ...,https://img3.doubanio.com/view/photo/s_ratio_poster/public/p2207673534.jpg,2000,美国,冒险 剧情,8.5,158995人评价,一个人的独角戏。
244,迁徙的鸟,https://movie.douban.com/subject/1292281/,雅克・贝汉 Jacques Perrin / 雅克・克鲁奥德 Jacques Cluzaud,...,https://img1.doubanio.com/view/photo/s_ratio_poster/public/p2238274168.jpg,2001,法国 德国 意大利 西班牙 瑞士,纪录片,9.1,56816人评价,最美的飞翔。
245,勇士,https://movie.douban.com/subject/3217169/,加文・欧康诺 Gavin O'Connor,汤姆・哈迪 Tom Hardy / 乔尔・...,https://img3.doubanio.com/view/photo/s_ratio_poster/public/p1145536386.jpg,2011,美国,剧情 运动 家庭,8.9,97898人评价,热血沸腾，相当完美的娱乐拳击大餐。
246,枪火,https://movie.douban.com/subject/1300741/,杜琪峰 Johnnie To,吴镇宇 Francis Ng / 任达华 Simon Yam / ...,https://img3.doubanio.com/view/photo/s_ratio_poster/public/p1538646661.jpg,1999,香港,剧情 动作 犯罪,8.7,115732人评价,一群演技精湛的戏骨，奉献出一个精致的黑帮小品，成就杜琪峰群戏的巅峰之作。
247,燕尾蝶,https://movie.douban.com/subject/1307793/,岩井俊二 Shunji Iwai,恰拉 Chara / 伊藤步 Ayumi Ito / 三上...,https://img3.doubanio.com/view/photo/s_ratio_poster/public/p532195562.jpg,1996,日本,犯罪 剧情,8.6,116731人评价,现实与童话交相辉映的旅程。
248,叫我第一名,https://movie.douban.com/subject/4798888/,彼得・维纳 Peter Werner,詹姆斯・沃克 James Wolk / 特里特・...,https://img1.doubanio.com/view/photo/s_ratio_poster/public/p628364149.jpg,2008,美国,剧情 传记,8.6,122115人评价,乐观比一切都有力量。
249,海蒂和爷爷,https://movie.douban.com/subject/25958717/,阿兰・葛斯彭纳 Alain Gsponer,阿努克・斯特芬 Anuk Steffen /...,https://img3.doubanio.com/view/photo/s_ratio_poster/public/p2332944143.jpg,2015,德国 瑞士 南非,剧情 冒险 家庭,9.0,65836人评价,
250,穆赫兰道,https://movie.douban.com/subject/1292217/,大卫・林奇 David Lynch,娜奥米・沃茨 Naomi Watts / 劳拉・哈...,https://img3.doubanio.com/view/photo/s_ratio_poster/public/p792248233.jpg,2001,法国 美国,剧情 悬疑 惊悚,8.3,264865人评价,大卫・林奇的梦境迷宫。
